trial_id,phase,region,mean_activity,max_activity,activity_variance,start_time,end_time,spike_counts
0,planning,PMd,3.676056338028169,20,19.247173179924616,0.0,1.413,"[0, 0, 0, 0, 3, 0, 3, 0, 0, 8, 16, 0, 3, 13, 11, 9, 1, 0, 0, 0, 0, 3, 1, 2, 0, 10, 9, 0, 3, 0, 0, 3, 1, 5, 2, 1, 2, 1, 0, 0, 5, 8, 1, 0, 0, 5, 1, 0, 0, 1, 9, 2, 1, 0, 1, 20, 3, 4, 1, 2, 9, 5, 2, 4, 7, 4, 1, 4, 2, 8, 0, 1, 12, 1, 3, 4, 1, 1, 9, 7, 10, 2, 6, 12, 1, 2, 4, 0, 0, 2, 0, 0, 2, 3, 18, 14, 0, 13, 5, 0, 4, 1, 5, 12, 0, 3, 0, 2, 0, 6, 8, 10, 1, 8, 1, 1, 13, 4, 2, 1, 10, 0, 6, 0, 0, 3, 6, 12, 0, 0, 0, 0, 1, 4, 3, 4, 0, 10, 10, 0, 4, 14]"
1,planning,PMd,2.26056338028169,15,9.1222475699266,3.5,4.324,"[0, 1, 0, 0, 0, 0, 2, 0, 0, 1, 9, 0, 1, 15, 6, 4, 1, 0, 0, 0, 1, 2, 0, 0, 0, 8, 5, 0, 0, 0, 0, 3, 0, 2, 2, 2, 1, 3, 0, 0, 2, 1, 0, 0, 0, 2, 1, 1, 0, 0, 6, 3, 2, 0, 2, 8, 3, 6, 2, 2, 3, 0, 0, 1, 3, 0, 0, 7, 4, 8, 2, 0, 6, 0, 3, 2, 0, 3, 10, 0, 3, 4, 2, 3, 6, 4, 2, 0, 1, 0, 0, 3, 1, 0, 3, 9, 0, 0, 3, 1, 2, 0, 1, 4, 0, 2, 0, 0, 2, 14, 7, 7, 1, 1, 0, 0, 5, 0, 1, 7, 8, 0, 3, 4, 0, 1, 11, 8, 0, 0, 0, 0, 2, 1, 1, 8, 0, 5, 0, 0, 0, 8]"
2,planning,PMd,2.5985915492957745,16,8.578307875421542,5.7,6.54,"[0, 0, 3, 2, 0, 1, 0, 2, 2, 1, 7, 0, 2, 11, 13, 7, 1, 2, 1, 1, 0, 0, 1, 4, 1, 5, 4, 1, 2, 0, 2, 6, 0, 3, 0, 0, 1, 1, 0, 1, 4, 3, 0, 0, 0, 6, 0, 1, 0, 2, 5, 4, 2, 0, 0, 16, 1, 5, 1, 1, 5, 0, 2, 3, 4, 1, 3, 4, 3, 5, 1, 1, 6, 1, 2, 1, 1, 1, 7, 1, 2, 1, 0, 8, 3, 1, 2, 0, 4, 1, 0, 3, 1, 10, 7, 3, 2, 6, 0, 1, 3, 0, 3, 7, 0, 0, 1, 1, 1, 7, 3, 2, 2, 4, 0, 1, 6, 2, 1, 9, 7, 2, 3, 5, 0, 3, 12, 6, 0, 2, 0, 1, 1, 8, 1, 5, 0, 7, 2, 0, 0, 5]"
3,planning,PMd,4.97887323943662,27,30.62631422336838,8.6,10.259,"[14, 5, 11, 1, 1, 3, 2, 1, 5, 4, 22, 0, 7, 14, 11, 7, 0, 0, 1, 0, 0, 0, 1, 1, 3, 9, 3, 0, 1, 1, 0, 8, 2, 9, 0, 2, 0, 3, 0, 4, 11, 5, 3, 0, 0, 6, 3, 6, 0, 1, 12, 2, 3, 0, 1, 27, 14, 13, 4, 3, 16, 0, 3, 5, 9, 0, 4, 6, 4, 8, 0, 0, 9, 1, 12, 1, 3, 7, 20, 2, 9, 3, 1, 9, 12, 5, 5, 0, 3, 0, 2, 2, 4, 7, 3, 6, 0, 9, 4, 0, 2, 0, 7, 19, 0, 7, 0, 1, 1, 12, 9, 14, 4, 5, 0, 1, 5, 0, 1, 5, 17, 9, 6, 14, 0, 9, 18, 16, 0, 0, 0, 1, 0, 6, 6, 9, 1, 16, 4, 0, 0, 18]"
4,planning,PMd,4.838028169014085,28,34.10756794286848,11.8,13.225,"[1, 2, 0, 0, 1, 0, 1, 0, 1, 2, 21, 0, 6, 19, 19, 5, 3, 0, 0, 1, 0, 3, 0, 0, 2, 5, 2, 0, 1, 1, 8, 9, 1, 7, 0, 2, 0, 0, 2, 0, 7, 0, 0, 0, 0, 3, 1, 1, 0, 3, 4, 3, 0, 0, 0, 17, 1, 9, 3, 4, 11, 1, 1, 6, 6, 4, 1, 4, 1, 8, 3, 0, 22, 1, 8, 4, 1, 11, 14, 1, 7, 5, 0, 6, 11, 1, 7, 0, 6, 0, 1, 7, 1, 7, 5, 11, 0, 5, 6, 1, 8, 0, 3, 13, 0, 5, 1, 0, 15, 13, 11, 13, 5, 4, 0, 1, 15, 0, 3, 4, 10, 8, 12, 8, 0, 9, 20, 12, 0, 0, 0, 28, 11, 17, 7, 8, 2, 16, 6, 0, 0, 23]"
5,planning,PMd,3.471830985915493,23,18.75624876016663,14.8,16.011,"[3, 5, 0, 0, 0, 2, 0, 0, 0, 5, 12, 0, 3, 11, 14, 5, 0, 0, 1, 0, 0, 2, 0, 2, 1, 6, 15, 0, 3, 0, 2, 7, 0, 5, 2, 0, 1, 2, 2, 0, 2, 2, 1, 0, 2, 1, 1, 2, 0, 1, 4, 2, 1, 0, 2, 23, 2, 6, 2, 4, 9, 1, 2, 3, 6, 4, 1, 4, 0, 8, 0, 1, 4, 3, 1, 0, 7, 0, 14, 0, 9, 1, 1, 7, 9, 1, 2, 1, 3, 1, 1, 3, 5, 0, 14, 2, 0, 6, 1, 1, 3, 2, 5, 13, 0, 1, 2, 2, 2, 8, 2, 13, 5, 7, 1, 0, 5, 2, 0, 2, 10, 2, 6, 3, 0, 17, 14, 19, 2, 0, 1, 2, 3, 10, 1, 6, 1, 5, 2, 0, 1, 8]"
6,planning,PMd,4.732394366197183,20,26.40726046419361,17.6,19.085,"[11, 2, 6, 0, 3, 3, 1, 4, 4, 12, 19, 0, 6, 17, 17, 13, 2, 1, 0, 1, 0, 0, 0, 13, 0, 6, 18, 1, 4, 0, 3, 2, 1, 11, 0, 3, 0, 1, 1, 1, 12, 6, 1, 0, 1, 4, 4, 3, 0, 1, 4, 5, 0, 0, 2, 19, 4, 3, 2, 4, 15, 0, 2, 4, 13, 3, 0, 3, 2, 5, 5, 1, 19, 2, 4, 1, 1, 2, 20, 0, 6, 3, 1, 8, 3, 2, 11, 0, 1, 0, 0, 0, 4, 7, 9, 9, 1, 3, 6, 0, 4, 2, 6, 12, 0, 1, 0, 3, 4, 12, 10, 17, 0, 7, 3, 5, 11, 10, 1, 8, 14, 8, 9, 3, 2, 3, 11, 8, 1, 1, 1, 1, 4, 14, 4, 5, 0, 15, 5, 0, 0, 9]"
7,planning,PMd,4.852112676056338,25,30.280946240825237,20.7,22.263,"[3, 3, 2, 0, 0, 0, 1, 0, 3, 5, 25, 0, 4, 15, 14, 6, 0, 0, 0, 0, 0, 3, 1, 1, 0, 5, 15, 4, 0, 0, 0, 12, 0, 11, 2, 2, 0, 4, 0, 0, 4, 7, 0, 0, 0, 2, 5, 9, 1, 9, 7, 5, 1, 0, 5, 21, 2, 5, 1, 4, 14, 0, 3, 5, 8, 2, 4, 9, 2, 8, 1, 0, 9, 1, 3, 3, 2, 2, 21, 0, 13, 3, 1, 4, 2, 5, 4, 1, 6, 3, 1, 3, 4, 0, 11, 9, 2, 4, 5, 3, 5, 0, 7, 7, 0, 6, 0, 2, 0, 7, 20, 11, 8, 9, 4, 3, 12, 13, 1, 5, 16, 6, 7, 11, 3, 5, 23, 20, 0, 0, 0, 0, 6, 15, 1, 15, 1, 15, 6, 0, 0, 9]"
8,planning,PMd,5.211267605633803,35,46.18071811148582,23.7,25.536,"[1, 0, 1, 2, 2, 2, 5, 0, 0, 1, 35, 0, 7, 15, 8, 12, 0, 0, 2, 4, 0, 4, 0, 1, 3, 13, 3, 0, 0, 0, 1, 4, 0, 7, 1, 3, 1, 1, 0, 0, 3, 2, 0, 0, 1, 10, 9, 6, 0, 4, 9, 7, 0, 2, 3, 21, 7, 2, 6, 7, 13, 0, 3, 4, 6, 5, 2, 2, 2, 12, 1, 0, 11, 1, 11, 4, 5, 4, 20, 0, 20, 3, 0, 7, 9, 4, 5, 0, 1, 0, 0, 1, 4, 4, 13, 7, 0, 10, 4, 0, 18, 0, 2, 14, 0, 2, 0, 4, 2, 16, 26, 17, 6, 8, 2, 3, 25, 0, 1, 4, 17, 1, 6, 5, 0, 11, 18, 14, 0, 0, 0, 4, 4, 25, 2, 6, 0, 33, 5, 0, 0, 3]"
9,planning,PMd,3.112676056338028,17,14.705613965483044,27.0,28.195,"[1, 0, 0, 2, 2, 0, 0, 0, 0, 3, 10, 0, 7, 7, 5, 8, 1, 0, 1, 0, 0, 1, 0, 0, 0, 6, 9, 1, 0, 0, 0, 5, 0, 9, 6, 0, 1, 2, 0, 0, 2, 5, 0, 0, 1, 6, 6, 6, 0, 1, 4, 0, 1, 1, 0, 17, 4, 5, 5, 5, 8, 2, 1, 3, 10, 1, 0, 2, 3, 2, 1, 0, 4, 2, 2, 0, 0, 0, 12, 0, 7, 1, 1, 2, 1, 1, 3, 0, 2, 0, 0, 0, 3, 1, 15, 8, 0, 2, 7, 0, 8, 1, 6, 11, 0, 3, 0, 2, 3, 4, 5, 13, 4, 6, 0, 2, 17, 1, 0, 2, 7, 1, 5, 12, 2, 7, 14, 9, 0, 0, 0, 0, 3, 9, 2, 9, 0, 5, 2, 0, 1, 3]"
10,planning,PMd,5.683098591549296,35,45.667179131124776,29.7,31.547,"[5, 6, 3, 1, 4, 2, 6, 0, 0, 8, 35, 0, 9, 25, 13, 21, 1, 0, 2, 6, 0, 3, 3, 1, 10, 18, 25, 1, 2, 0, 2, 1, 0, 8, 3, 3, 1, 2, 1, 1, 2, 0, 0, 0, 3, 9, 6, 7, 0, 1, 11, 1, 0, 0, 7, 27, 0, 4, 2, 1, 14, 0, 10, 8, 7, 1, 1, 3, 2, 12, 1, 2, 11, 3, 7, 2, 8, 2, 18, 1, 15, 3, 3, 14, 3, 1, 9, 0, 0, 0, 0, 5, 7, 1, 29, 13, 0, 5, 11, 0, 1, 1, 8, 9, 0, 2, 0, 2, 3, 19, 13, 13, 4, 10, 0, 1, 10, 17, 0, 3, 9, 6, 7, 10, 4, 6, 10, 18, 0, 0, 2, 1, 6, 9, 6, 9, 0, 23, 6, 0, 0, 14]"
11,planning,PMd,4.971830985915493,28,30.50624876016664,33.1,34.873,"[4, 6, 4, 0, 0, 6, 3, 0, 0, 1, 13, 1, 2, 25, 11, 8, 3, 0, 2, 0, 0, 2, 0, 2, 1, 6, 11, 0, 2, 0, 4, 6, 0, 9, 1, 2, 1, 2, 1, 0, 7, 7, 3, 0, 1, 4, 8, 5, 0, 4, 8, 6, 0, 0, 1, 11, 13, 2, 7, 5, 8, 0, 1, 3, 9, 2, 4, 8, 6, 8, 2, 1, 11, 0, 5, 5, 5, 3, 17, 0, 14, 2, 3, 9, 11, 4, 11, 0, 7, 3, 0, 1, 7, 3, 11, 9, 0, 6, 6, 0, 11, 0, 4, 12, 0, 3, 0, 0, 1, 13, 28, 13, 1, 7, 3, 1, 24, 2, 2, 7, 17, 2, 4, 10, 0, 18, 12, 9, 0, 1, 0, 0, 3, 11, 0, 10, 0, 21, 6, 1, 0, 13]"
12,planning,PMd,4.725352112676056,30,31.185131918270184,36.3,37.91,"[7, 1, 1, 0, 1, 1, 0, 1, 2, 7, 21, 3, 6, 16, 12, 9, 3, 0, 0, 0, 0, 2, 0, 4, 0, 8, 20, 0, 2, 0, 0, 6, 1, 8, 3, 4, 0, 0, 1, 0, 3, 6, 1, 0, 6, 0, 5, 3, 0, 6, 4, 0, 3, 0, 6, 22, 8, 3, 1, 2, 15, 1, 1, 10, 12, 3, 0, 5, 1, 5, 2, 0, 17, 1, 6, 8, 0, 3, 13, 0, 8, 1, 2, 13, 8, 5, 7, 3, 4, 2, 1, 0, 3, 1, 8, 1, 0, 10, 6, 3, 1, 0, 4, 10, 2, 8, 0, 3, 3, 7, 27, 17, 6, 7, 4, 1, 10, 7, 1, 3, 30, 9, 3, 5, 7, 10, 16, 13, 0, 0, 1, 1, 0, 4, 0, 8, 0, 7, 3, 0, 4, 11]"
13,planning,PMd,2.528169014084507,21,11.164699464391985,39.3,40.138,"[0, 0, 0, 0, 1, 0, 0, 0, 2, 1, 4, 0, 1, 21, 6, 1, 0, 0, 0, 0, 0, 2, 0, 0, 0, 7, 1, 2, 1, 0, 0, 8, 0, 7, 1, 0, 1, 0, 2, 0, 1, 5, 0, 0, 2, 2, 3, 3, 1, 2, 0, 1, 0, 0, 2, 11, 0, 4, 1, 0, 8, 0, 1, 6, 6, 0, 0, 6, 3, 3, 0, 1, 8, 0, 5, 1, 1, 3, 14, 0, 7, 2, 2, 7, 3, 2, 8, 0, 3, 0, 0, 1, 4, 4, 4, 3, 1, 4, 4, 1, 4, 0, 2, 5, 0, 1, 1, 2, 1, 11, 8, 3, 1, 3, 0, 3, 9, 0, 1, 2, 8, 1, 5, 3, 0, 5, 7, 3, 0, 0, 0, 1, 2, 4, 0, 9, 1, 13, 1, 0, 0, 6]"
14,planning,PMd,5.091549295774648,32,30.393027177147392,41.7,43.34,"[7, 0, 1, 3, 0, 1, 3, 0, 0, 2, 32, 0, 12, 14, 13, 5, 0, 1, 0, 7, 11, 0, 0, 1, 13, 14, 2, 0, 0, 1, 6, 2, 2, 11, 0, 4, 1, 2, 0, 0, 5, 8, 2, 0, 2, 8, 3, 2, 0, 3, 12, 3, 3, 0, 4, 22, 2, 4, 8, 4, 5, 1, 2, 7, 9, 5, 0, 2, 5, 11, 1, 2, 13, 4, 5, 3, 0, 9, 12, 2, 13, 10, 5, 8, 10, 1, 8, 0, 1, 2, 0, 5, 3, 6, 4, 6, 0, 7, 9, 0, 13, 0, 2, 12, 1, 5, 0, 4, 9, 8, 10, 16, 3, 10, 1, 1, 5, 5, 0, 9, 13, 2, 8, 6, 0, 14, 10, 12, 0, 0, 1, 9, 3, 7, 4, 14, 0, 28, 2, 1, 0, 13]"
15,planning,PMd,5.267605633802817,25,31.674866097996425,44.7,46.184,"[5, 6, 4, 3, 1, 1, 4, 1, 5, 3, 19, 0, 8, 15, 12, 15, 2, 0, 0, 1, 1, 0, 0, 2, 6, 13, 2, 0, 0, 0, 1, 4, 2, 10, 2, 0, 1, 1, 2, 0, 3, 10, 1, 0, 0, 6, 7, 2, 0, 1, 9, 6, 4, 0, 5, 21, 1, 15, 2, 3, 6, 5, 5, 7, 9, 4, 2, 6, 5, 7, 4, 2, 12, 4, 13, 1, 2, 5, 16, 0, 17, 3, 5, 12, 11, 1, 10, 0, 6, 2, 0, 2, 4, 10, 7, 7, 1, 6, 3, 0, 7, 0, 5, 14, 0, 1, 0, 0, 2, 14, 10, 18, 1, 15, 1, 1, 19, 4, 3, 17, 23, 5, 5, 4, 0, 10, 16, 9, 0, 0, 1, 11, 3, 13, 1, 5, 0, 25, 4, 0, 0, 11]"
16,planning,PMd,4.415492957746479,32,25.440041658401107,47.8,49.197,"[0, 1, 5, 4, 0, 2, 2, 0, 0, 11, 15, 0, 4, 19, 15, 14, 2, 0, 1, 2, 0, 1, 1, 0, 0, 9, 32, 11, 4, 0, 1, 3, 2, 9, 3, 1, 0, 3, 2, 0, 1, 5, 0, 0, 3, 6, 1, 3, 0, 3, 9, 2, 1, 0, 1, 22, 1, 13, 7, 4, 6, 3, 2, 4, 7, 2, 1, 5, 3, 7, 1, 0, 15, 1, 7, 2, 3, 3, 8, 1, 10, 2, 2, 10, 3, 1, 5, 1, 1, 2, 2, 3, 5, 5, 17, 3, 2, 8, 4, 5, 4, 1, 5, 5, 0, 1, 0, 4, 0, 6, 9, 13, 0, 5, 1, 1, 6, 12, 1, 3, 8, 3, 7, 11, 7, 9, 13, 11, 0, 0, 0, 3, 1, 4, 5, 7, 0, 13, 6, 0, 0, 9]"
17,planning,PMd,4.690140845070423,29,29.608212656219,50.6,52.14,"[0, 0, 0, 0, 3, 2, 0, 0, 1, 2, 8, 0, 3, 17, 20, 2, 0, 0, 2, 0, 0, 3, 0, 2, 0, 9, 19, 0, 0, 0, 4, 2, 1, 15, 2, 1, 1, 0, 2, 2, 7, 8, 1, 0, 0, 4, 6, 1, 0, 4, 8, 4, 1, 0, 1, 29, 7, 5, 3, 6, 14, 0, 4, 7, 11, 8, 2, 4, 1, 17, 2, 0, 17, 1, 4, 4, 2, 2, 12, 0, 9, 3, 2, 9, 0, 0, 11, 0, 9, 0, 4, 7, 2, 3, 12, 7, 0, 3, 10, 0, 11, 4, 1, 12, 0, 2, 1, 6, 1, 13, 21, 8, 7, 7, 1, 2, 10, 5, 0, 1, 13, 8, 10, 8, 0, 5, 10, 12, 0, 0, 2, 5, 7, 18, 2, 6, 0, 11, 3, 0, 0, 12]"
18,planning,PMd,5.302816901408451,34,42.323794881967856,53.7,55.497,"[2, 0, 7, 1, 2, 3, 5, 1, 1, 1, 26, 0, 3, 20, 16, 10, 4, 0, 0, 0, 0, 1, 0, 5, 2, 13, 4, 0, 0, 0, 0, 7, 1, 16, 0, 2, 1, 2, 1, 0, 1, 8, 0, 0, 0, 8, 0, 2, 0, 0, 6, 5, 0, 0, 3, 23, 9, 4, 1, 6, 11, 3, 2, 2, 15, 4, 0, 7, 2, 8, 0, 0, 19, 3, 10, 3, 1, 1, 17, 1, 10, 5, 3, 10, 7, 1, 10, 0, 6, 1, 2, 1, 1, 4, 8, 13, 0, 10, 4, 1, 7, 0, 2, 13, 0, 12, 0, 0, 5, 20, 22, 10, 2, 4, 1, 2, 18, 0, 3, 18, 11, 8, 12, 6, 0, 17, 17, 10, 0, 0, 0, 2, 6, 15, 2, 12, 0, 34, 6, 0, 0, 17]"
19,planning,PMd,5.845070422535211,37,36.975996826026574,57.0,58.632,"[3, 0, 5, 1, 0, 0, 7, 1, 3, 2, 21, 2, 8, 23, 7, 10, 0, 0, 2, 0, 2, 7, 2, 4, 0, 15, 10, 1, 1, 0, 3, 6, 0, 15, 1, 2, 0, 1, 0, 3, 5, 7, 0, 1, 0, 4, 4, 6, 1, 4, 8, 4, 2, 0, 8, 18, 8, 5, 3, 4, 18, 0, 1, 7, 10, 1, 2, 4, 5, 8, 6, 3, 18, 3, 11, 6, 5, 6, 15, 2, 20, 7, 4, 13, 4, 6, 11, 0, 5, 0, 0, 9, 7, 3, 10, 8, 9, 11, 6, 1, 15, 0, 6, 16, 3, 7, 0, 0, 7, 11, 19, 18, 1, 3, 2, 2, 7, 1, 3, 15, 17, 9, 15, 13, 2, 12, 12, 7, 0, 1, 0, 5, 1, 9, 3, 14, 0, 37, 4, 0, 0, 8]"
20,planning,PMd,4.908450704225352,26,30.393027177147392,60.1,61.947,"[8, 8, 0, 0, 5, 2, 5, 0, 0, 1, 12, 0, 4, 25, 24, 17, 3, 0, 1, 1, 0, 1, 1, 1, 3, 7, 11, 1, 2, 0, 3, 4, 1, 12, 2, 0, 1, 3, 1, 1, 1, 6, 0, 0, 0, 3, 4, 5, 0, 1, 7, 1, 1, 0, 3, 26, 6, 0, 6, 4, 13, 1, 4, 4, 5, 4, 3, 4, 6, 10, 3, 0, 12, 3, 5, 3, 5, 2, 17, 1, 13, 1, 3, 5, 11, 3, 6, 0, 7, 0, 2, 1, 5, 3, 19, 7, 0, 6, 6, 1, 6, 0, 5, 12, 0, 2, 0, 5, 3, 18, 14, 7, 8, 14, 2, 3, 16, 3, 2, 1, 11, 5, 12, 5, 4, 4, 7, 14, 0, 0, 0, 2, 2, 9, 0, 15, 1, 15, 6, 0, 0, 15]"
21,planning,PMd,4.26056338028169,32,27.291261654433647,63.5,64.931,"[0, 0, 0, 0, 0, 2, 5, 0, 0, 1, 19, 0, 3, 32, 13, 7, 3, 0, 0, 0, 1, 0, 0, 0, 0, 8, 8, 0, 0, 0, 5, 10, 1, 10, 0, 1, 2, 4, 0, 0, 0, 4, 0, 0, 0, 6, 5, 1, 1, 3, 2, 3, 3, 0, 6, 15, 2, 11, 1, 2, 14, 3, 5, 5, 10, 1, 1, 5, 3, 13, 0, 1, 10, 2, 4, 5, 0, 4, 10, 1, 12, 3, 11, 10, 7, 1, 4, 0, 7, 2, 1, 4, 2, 5, 3, 10, 2, 4, 10, 0, 8, 0, 4, 7, 0, 0, 0, 0, 3, 8, 14, 10, 2, 6, 0, 0, 11, 1, 1, 2, 11, 4, 8, 6, 1, 8, 14, 11, 0, 0, 1, 3, 0, 4, 6, 13, 0, 25, 5, 0, 0, 13]"
22,planning,PMd,4.23943661971831,24,24.660979964292796,66.4,67.959,"[2, 3, 2, 2, 0, 1, 0, 0, 0, 4, 19, 0, 14, 5, 15, 7, 0, 1, 3, 5, 9, 3, 1, 1, 2, 7, 7, 0, 0, 0, 4, 2, 1, 12, 0, 0, 1, 2, 2, 1, 3, 4, 1, 0, 0, 4, 10, 3, 0, 2, 12, 4, 1, 0, 3, 24, 0, 8, 3, 2, 10, 1, 4, 7, 8, 3, 0, 7, 3, 10, 0, 0, 9, 2, 6, 4, 1, 1, 21, 1, 5, 3, 0, 2, 5, 0, 5, 0, 1, 3, 1, 0, 2, 0, 12, 4, 0, 4, 8, 0, 10, 1, 3, 8, 0, 4, 0, 0, 0, 16, 7, 14, 4, 5, 2, 0, 15, 14, 0, 5, 12, 1, 5, 7, 2, 19, 13, 11, 0, 0, 0, 0, 3, 12, 3, 8, 1, 10, 5, 0, 0, 7]"
23,planning,PMd,4.084507042253521,21,19.274548700654634,69.3,70.697,"[2, 0, 3, 1, 2, 3, 1, 0, 0, 5, 18, 0, 5, 11, 13, 5, 1, 0, 1, 0, 2, 1, 0, 5, 0, 8, 12, 0, 0, 0, 1, 1, 1, 7, 3, 2, 1, 3, 4, 3, 5, 5, 1, 1, 2, 2, 4, 2, 0, 5, 14, 5, 0, 0, 3, 21, 3, 2, 4, 5, 16, 1, 2, 6, 4, 2, 4, 6, 3, 16, 0, 0, 8, 1, 4, 3, 0, 1, 11, 2, 8, 1, 1, 12, 3, 1, 3, 0, 1, 0, 1, 1, 2, 6, 13, 6, 0, 7, 5, 0, 6, 1, 1, 10, 0, 3, 1, 5, 1, 9, 11, 11, 3, 7, 2, 3, 12, 13, 2, 4, 12, 6, 6, 3, 2, 7, 10, 9, 0, 0, 0, 3, 5, 8, 2, 7, 0, 16, 1, 0, 1, 7]"
24,planning,PMd,2.359154929577465,16,8.01889506050387,72.3,73.164,"[1, 0, 1, 1, 1, 0, 0, 0, 1, 2, 7, 0, 3, 16, 11, 4, 1, 0, 0, 0, 0, 1, 3, 1, 1, 6, 7, 0, 0, 0, 2, 2, 0, 8, 1, 1, 1, 1, 2, 0, 2, 1, 0, 0, 1, 2, 5, 3, 0, 1, 3, 1, 0, 0, 1, 7, 0, 6, 4, 2, 12, 0, 2, 4, 1, 0, 2, 3, 5, 6, 0, 0, 10, 0, 2, 1, 2, 3, 6, 0, 9, 4, 0, 5, 3, 2, 0, 1, 2, 0, 0, 1, 0, 2, 2, 3, 1, 4, 2, 2, 3, 0, 0, 7, 0, 0, 0, 0, 0, 4, 3, 8, 1, 3, 1, 1, 6, 4, 0, 2, 5, 3, 2, 5, 1, 10, 4, 6, 0, 0, 0, 1, 2, 3, 1, 5, 0, 3, 6, 1, 1, 6]"
25,planning,PMd,5.464788732394366,37,44.07974608212656,74.5,76.377,"[0, 0, 0, 3, 0, 0, 2, 0, 0, 2, 24, 0, 4, 17, 18, 14, 6, 0, 0, 0, 0, 1, 0, 0, 2, 15, 6, 0, 0, 0, 3, 1, 1, 8, 2, 0, 0, 4, 0, 1, 15, 6, 0, 0, 2, 2, 7, 1, 0, 1, 11, 5, 2, 0, 10, 26, 2, 7, 0, 6, 10, 3, 2, 5, 7, 3, 4, 9, 3, 12, 2, 1, 13, 3, 13, 2, 5, 6, 15, 0, 8, 1, 1, 10, 25, 2, 9, 0, 3, 3, 1, 2, 10, 2, 11, 14, 1, 3, 11, 0, 9, 0, 8, 17, 1, 3, 0, 0, 7, 11, 37, 10, 2, 11, 3, 1, 19, 9, 2, 10, 17, 7, 8, 7, 0, 2, 14, 17, 0, 0, 0, 1, 0, 12, 5, 6, 0, 25, 7, 1, 0, 15]"
26,planning,PMd,2.3661971830985915,12,8.119420749851221,78.0,78.95,"[2, 1, 1, 0, 0, 1, 3, 0, 0, 0, 8, 0, 1, 12, 8, 2, 2, 0, 2, 3, 0, 0, 0, 0, 2, 7, 1, 0, 1, 0, 2, 6, 2, 5, 1, 1, 0, 0, 0, 0, 1, 0, 1, 0, 2, 0, 5, 0, 0, 0, 5, 0, 0, 0, 1, 9, 1, 6, 3, 2, 9, 0, 0, 3, 1, 2, 1, 5, 1, 3, 0, 0, 6, 1, 4, 3, 1, 2, 11, 0, 3, 1, 0, 3, 4, 2, 4, 0, 3, 0, 1, 0, 1, 2, 8, 5, 0, 11, 6, 0, 4, 0, 4, 8, 0, 4, 1, 0, 2, 10, 5, 9, 3, 7, 2, 0, 7, 1, 0, 1, 6, 0, 1, 1, 0, 2, 8, 3, 0, 0, 0, 3, 2, 2, 2, 6, 0, 2, 2, 0, 3, 8]"
27,planning,PMd,4.147887323943662,24,23.027425114064666,80.5,81.809,"[3, 5, 7, 1, 2, 1, 0, 0, 3, 2, 24, 0, 9, 11, 15, 5, 1, 0, 5, 3, 0, 3, 0, 1, 7, 10, 6, 1, 1, 2, 2, 4, 2, 6, 0, 4, 2, 0, 0, 0, 1, 2, 0, 0, 1, 3, 4, 5, 0, 3, 8, 0, 1, 0, 2, 13, 3, 5, 2, 2, 11, 0, 7, 2, 3, 1, 1, 3, 7, 16, 1, 0, 14, 4, 3, 1, 1, 3, 7, 0, 9, 2, 3, 7, 4, 1, 11, 0, 1, 0, 0, 7, 3, 6, 8, 3, 0, 3, 10, 0, 4, 0, 5, 17, 0, 3, 0, 5, 0, 10, 16, 17, 1, 7, 2, 4, 16, 5, 0, 8, 11, 0, 3, 4, 0, 5, 9, 7, 1, 0, 3, 2, 1, 12, 5, 5, 0, 24, 3, 0, 0, 8]"
28,planning,PMd,5.133802816901408,32,37.15815314421742,83.4,85.09,"[1, 1, 2, 3, 1, 3, 2, 1, 2, 6, 20, 0, 5, 25, 20, 7, 2, 0, 1, 1, 1, 0, 0, 0, 3, 14, 0, 0, 0, 1, 0, 10, 1, 15, 0, 6, 1, 0, 1, 1, 2, 5, 0, 0, 0, 7, 2, 2, 1, 4, 7, 9, 0, 0, 3, 17, 7, 7, 4, 5, 13, 1, 1, 7, 9, 3, 5, 4, 1, 9, 2, 1, 9, 1, 13, 0, 1, 7, 15, 0, 12, 4, 4, 8, 5, 0, 9, 0, 4, 0, 1, 2, 4, 6, 3, 14, 0, 9, 7, 2, 11, 0, 9, 11, 5, 2, 0, 3, 8, 26, 20, 14, 2, 4, 0, 0, 10, 0, 2, 18, 17, 5, 8, 1, 0, 13, 11, 10, 0, 0, 1, 15, 1, 10, 2, 11, 0, 32, 3, 0, 0, 9]"
29,planning,PMd,4.183098591549296,23,26.684784764927596,86.7,88.088,"[1, 1, 3, 2, 2, 0, 0, 1, 2, 3, 17, 0, 6, 20, 14, 2, 0, 0, 1, 4, 0, 1, 0, 0, 2, 7, 1, 0, 0, 0, 0, 3, 1, 15, 0, 3, 0, 1, 1, 1, 1, 3, 0, 0, 0, 7, 8, 0, 0, 4, 5, 8, 1, 0, 4, 11, 3, 7, 1, 2, 14, 0, 1, 5, 7, 0, 3, 8, 6, 13, 3, 0, 20, 0, 8, 4, 1, 4, 21, 0, 13, 4, 5, 6, 10, 2, 6, 0, 1, 0, 0, 1, 3, 3, 2, 6, 0, 7, 12, 0, 9, 0, 5, 10, 0, 0, 0, 1, 2, 14, 11, 17, 4, 3, 0, 1, 12, 0, 2, 12, 15, 0, 5, 6, 0, 1, 10, 10, 0, 0, 0, 11, 2, 6, 3, 7, 1, 23, 5, 1, 0, 6]"
30,planning,PMd,3.711267605633803,25,18.641985717119617,89.6,90.842,"[2, 3, 0, 0, 1, 1, 5, 0, 1, 9, 8, 0, 3, 9, 11, 7, 0, 0, 1, 1, 0, 3, 1, 0, 0, 5, 17, 2, 0, 0, 3, 0, 3, 9, 1, 2, 1, 1, 0, 0, 1, 4, 0, 0, 5, 6, 5, 0, 0, 3, 4, 4, 3, 0, 2, 15, 3, 5, 4, 6, 15, 1, 1, 2, 9, 1, 2, 5, 4, 3, 2, 0, 10, 2, 4, 1, 4, 5, 14, 0, 12, 3, 0, 9, 2, 0, 1, 1, 5, 1, 3, 3, 1, 0, 25, 7, 1, 1, 8, 1, 8, 1, 2, 10, 0, 2, 0, 0, 3, 9, 9, 19, 2, 7, 1, 2, 7, 0, 1, 1, 11, 7, 5, 7, 1, 6, 5, 6, 1, 0, 0, 1, 2, 5, 2, 6, 0, 7, 11, 1, 0, 10]"
31,planning,PMd,2.528169014084507,16,9.756248760166633,92.5,93.576,"[3, 1, 1, 0, 2, 0, 1, 0, 0, 0, 5, 0, 3, 16, 12, 9, 0, 0, 0, 0, 0, 0, 2, 0, 2, 5, 4, 0, 2, 0, 2, 2, 0, 6, 0, 2, 0, 2, 0, 0, 0, 1, 0, 0, 0, 3, 6, 0, 0, 0, 6, 0, 0, 0, 1, 12, 1, 1, 3, 3, 9, 0, 0, 3, 4, 0, 1, 2, 2, 7, 0, 0, 8, 3, 5, 0, 1, 2, 11, 0, 8, 3, 0, 7, 7, 0, 2, 0, 11, 2, 0, 2, 0, 2, 6, 3, 0, 2, 5, 0, 1, 0, 2, 5, 0, 3, 0, 2, 0, 8, 9, 7, 3, 3, 2, 4, 6, 1, 0, 2, 7, 4, 6, 2, 0, 0, 6, 4, 0, 0, 2, 1, 2, 5, 2, 4, 0, 8, 2, 0, 3, 6]"
32,planning,PMd,4.584507042253521,22,26.41187264431661,95.2,96.849,"[6, 2, 0, 1, 3, 5, 5, 0, 1, 2, 22, 0, 3, 10, 13, 5, 0, 0, 1, 1, 0, 2, 2, 1, 1, 14, 13, 0, 1, 0, 2, 10, 1, 10, 1, 1, 0, 0, 1, 0, 2, 8, 1, 0, 0, 4, 11, 0, 0, 2, 1, 2, 0, 0, 7, 17, 3, 4, 3, 6, 7, 3, 3, 6, 9, 4, 1, 6, 4, 5, 0, 1, 7, 2, 11, 1, 3, 5, 15, 0, 14, 1, 3, 5, 6, 3, 7, 0, 5, 0, 1, 1, 3, 0, 19, 17, 0, 7, 5, 1, 5, 0, 6, 14, 0, 2, 0, 3, 4, 14, 19, 16, 2, 10, 1, 6, 12, 5, 0, 1, 4, 5, 14, 8, 1, 8, 11, 16, 0, 0, 1, 1, 5, 11, 2, 12, 0, 16, 3, 0, 0, 11]"
33,planning,PMd,3.7253521126760565,19,18.354146002777227,98.4,99.754,"[2, 2, 0, 0, 2, 3, 5, 0, 0, 0, 18, 0, 4, 11, 14, 4, 0, 0, 1, 3, 0, 2, 0, 0, 3, 9, 6, 0, 0, 0, 2, 7, 2, 6, 4, 2, 0, 2, 0, 0, 1, 6, 0, 0, 2, 1, 6, 0, 0, 3, 3, 3, 0, 0, 1, 19, 1, 2, 5, 2, 3, 0, 4, 10, 7, 2, 2, 5, 0, 13, 0, 1, 7, 0, 3, 3, 4, 0, 8, 3, 8, 5, 3, 9, 2, 2, 3, 0, 3, 0, 0, 0, 5, 4, 12, 5, 0, 1, 5, 1, 6, 3, 0, 14, 1, 0, 0, 6, 1, 10, 10, 13, 3, 5, 1, 1, 7, 9, 0, 2, 10, 4, 8, 8, 0, 17, 9, 14, 0, 0, 0, 0, 9, 12, 1, 6, 0, 6, 5, 2, 1, 13]"
34,planning,PMd,3.3450704225352115,19,19.634447530251936,101.4,102.339,"[0, 0, 2, 0, 0, 0, 0, 0, 0, 3, 8, 0, 2, 12, 9, 1, 0, 0, 3, 2, 4, 3, 0, 0, 0, 11, 0, 0, 0, 0, 0, 2, 1, 6, 1, 1, 0, 1, 0, 1, 3, 1, 1, 0, 0, 3, 4, 2, 0, 1, 7, 6, 2, 1, 1, 15, 2, 3, 2, 2, 7, 1, 2, 0, 6, 0, 4, 1, 2, 5, 2, 0, 7, 0, 0, 1, 2, 2, 15, 0, 4, 1, 0, 11, 3, 0, 7, 0, 4, 0, 0, 0, 8, 11, 0, 0, 1, 0, 4, 0, 7, 0, 1, 8, 7, 8, 0, 0, 12, 19, 8, 6, 12, 5, 0, 3, 16, 0, 1, 5, 11, 3, 2, 5, 0, 0, 16, 3, 1, 0, 2, 4, 2, 16, 0, 11, 2, 19, 8, 2, 0, 10]"
35,planning,PMd,4.809859154929577,27,32.1962408252331,103.9,105.509,"[3, 0, 1, 0, 2, 2, 3, 0, 0, 4, 22, 0, 5, 27, 12, 2, 1, 1, 0, 1, 1, 1, 0, 1, 2, 7, 7, 0, 0, 0, 1, 11, 1, 10, 2, 0, 1, 3, 1, 0, 4, 4, 2, 0, 0, 3, 1, 2, 0, 3, 10, 8, 2, 0, 1, 13, 2, 5, 0, 2, 12, 1, 3, 7, 9, 4, 4, 2, 3, 8, 2, 0, 15, 4, 11, 3, 2, 11, 25, 0, 6, 1, 9, 6, 11, 1, 7, 0, 1, 1, 1, 3, 3, 6, 9, 6, 0, 5, 6, 0, 7, 0, 10, 17, 1, 2, 0, 5, 11, 9, 9, 16, 1, 10, 1, 1, 11, 1, 3, 8, 21, 6, 13, 5, 0, 14, 10, 10, 0, 0, 1, 3, 1, 8, 2, 17, 0, 26, 6, 1, 0, 11]"
36,planning,PMd,3.3661971830985915,18,16.499702439992067,107.1,108.4,"[2, 1, 0, 1, 0, 0, 0, 0, 0, 0, 17, 0, 6, 7, 11, 10, 1, 1, 1, 6, 0, 0, 0, 0, 7, 12, 0, 0, 0, 0, 3, 2, 0, 9, 3, 3, 0, 1, 0, 1, 1, 1, 0, 0, 0, 5, 11, 3, 0, 2, 3, 5, 2, 0, 1, 13, 3, 2, 3, 2, 8, 0, 1, 2, 7, 2, 1, 10, 2, 4, 0, 4, 8, 2, 5, 3, 2, 2, 12, 1, 6, 4, 2, 7, 7, 1, 10, 0, 2, 2, 0, 4, 5, 2, 2, 3, 1, 1, 5, 0, 4, 0, 0, 4, 0, 2, 0, 1, 1, 11, 7, 8, 1, 7, 1, 1, 18, 1, 1, 10, 11, 1, 3, 5, 1, 4, 14, 12, 0, 0, 0, 2, 2, 6, 2, 9, 0, 18, 4, 0, 0, 4]"
37,planning,PMd,3.091549295774648,18,15.970491965879782,109.8,111.029,"[4, 1, 0, 0, 0, 0, 2, 1, 0, 5, 11, 0, 1, 16, 16, 7, 1, 0, 1, 0, 0, 1, 0, 0, 0, 9, 18, 0, 0, 0, 1, 1, 1, 15, 5, 0, 0, 0, 0, 0, 1, 0, 0, 0, 1, 3, 2, 2, 0, 1, 3, 10, 2, 1, 2, 12, 2, 7, 4, 4, 8, 2, 1, 5, 6, 5, 0, 1, 0, 1, 1, 0, 11, 1, 4, 1, 1, 0, 12, 0, 10, 0, 1, 6, 1, 0, 3, 0, 2, 0, 2, 4, 1, 1, 8, 5, 0, 0, 4, 3, 3, 0, 7, 3, 0, 1, 0, 1, 0, 8, 11, 10, 1, 4, 0, 1, 1, 1, 1, 10, 11, 1, 2, 3, 3, 8, 8, 5, 0, 0, 0, 7, 2, 7, 6, 5, 0, 7, 3, 0, 1, 12]"
38,planning,PMd,3.880281690140845,18,17.978625272763338,112.5,113.825,"[3, 0, 2, 1, 0, 0, 1, 0, 1, 2, 16, 0, 7, 5, 9, 1, 0, 2, 3, 2, 11, 3, 0, 1, 4, 10, 8, 0, 3, 1, 2, 2, 0, 12, 2, 1, 1, 2, 0, 0, 1, 3, 2, 0, 1, 4, 2, 3, 0, 7, 11, 4, 1, 0, 3, 18, 0, 6, 5, 3, 8, 0, 3, 6, 5, 3, 1, 4, 1, 6, 1, 1, 9, 1, 2, 2, 3, 1, 7, 1, 9, 2, 1, 6, 4, 1, 2, 0, 2, 0, 2, 2, 2, 1, 13, 9, 0, 9, 1, 1, 6, 1, 5, 15, 0, 6, 0, 2, 1, 4, 8, 16, 4, 4, 2, 1, 11, 14, 2, 5, 8, 1, 5, 11, 0, 14, 7, 9, 1, 0, 0, 2, 3, 7, 6, 7, 1, 15, 6, 0, 0, 17]"
39,planning,PMd,2.683098591549296,14,10.76577068042055,115.3,116.198,"[2, 1, 0, 0, 0, 0, 2, 0, 0, 2, 8, 0, 3, 14, 7, 6, 0, 0, 0, 0, 0, 0, 0, 1, 1, 5, 2, 0, 0, 0, 0, 4, 1, 8, 0, 1, 1, 0, 0, 1, 1, 3, 0, 0, 0, 1, 4, 1, 1, 1, 3, 3, 1, 0, 1, 14, 4, 2, 2, 2, 5, 2, 1, 2, 2, 0, 1, 3, 2, 5, 1, 0, 8, 0, 4, 1, 1, 6, 12, 0, 8, 0, 6, 5, 5, 0, 6, 0, 2, 0, 1, 1, 0, 5, 4, 8, 0, 1, 6, 0, 9, 0, 0, 4, 0, 1, 0, 2, 3, 10, 4, 6, 1, 1, 0, 1, 11, 0, 1, 9, 6, 0, 5, 2, 0, 8, 8, 3, 0, 0, 3, 12, 2, 7, 5, 6, 1, 11, 5, 0, 0, 6]"
40,planning,PMd,4.464788732394366,29,27.037492560999798,117.7,119.224,"[2, 1, 0, 10, 0, 0, 3, 0, 1, 11, 29, 4, 8, 13, 15, 7, 1, 2, 9, 6, 13, 3, 1, 1, 1, 7, 12, 9, 2, 1, 4, 4, 0, 11, 2, 1, 2, 0, 3, 0, 4, 1, 0, 0, 1, 3, 1, 1, 0, 1, 8, 2, 0, 0, 4, 15, 0, 6, 2, 3, 14, 0, 2, 5, 5, 1, 0, 0, 4, 9, 3, 1, 6, 2, 6, 3, 7, 3, 14, 0, 8, 1, 4, 13, 1, 2, 10, 0, 2, 0, 1, 3, 2, 4, 22, 4, 0, 4, 5, 0, 5, 2, 0, 7, 1, 3, 0, 3, 6, 7, 6, 9, 0, 2, 2, 3, 7, 21, 1, 11, 12, 1, 3, 6, 0, 6, 17, 17, 0, 1, 0, 0, 6, 9, 1, 9, 0, 15, 1, 0, 0, 12]"
41,planning,PMd,2.6619718309859155,20,12.167427097798054,120.6,121.546,"[1, 0, 3, 0, 0, 0, 0, 0, 0, 0, 8, 0, 2, 20, 6, 5, 1, 0, 0, 0, 0, 0, 0, 1, 0, 3, 5, 0, 1, 0, 1, 4, 2, 2, 0, 2, 1, 1, 0, 0, 1, 2, 0, 0, 1, 3, 1, 0, 0, 2, 6, 2, 2, 0, 2, 17, 1, 2, 4, 2, 9, 0, 2, 1, 4, 3, 2, 2, 0, 7, 2, 0, 8, 0, 6, 4, 1, 1, 8, 0, 6, 1, 8, 5, 3, 0, 4, 0, 1, 0, 1, 1, 2, 5, 6, 4, 0, 4, 2, 0, 2, 0, 6, 12, 0, 5, 0, 0, 4, 10, 8, 6, 3, 3, 0, 3, 8, 0, 1, 10, 16, 1, 2, 2, 0, 4, 2, 4, 0, 0, 0, 1, 3, 7, 0, 5, 0, 7, 6, 0, 0, 7]"
42,planning,PMd,3.9295774647887325,19,18.558420948224562,122.9,124.109,"[1, 1, 4, 2, 1, 3, 4, 0, 1, 3, 16, 0, 2, 18, 19, 6, 2, 1, 6, 1, 0, 2, 0, 1, 1, 7, 3, 0, 0, 0, 3, 3, 1, 6, 0, 1, 0, 1, 0, 0, 5, 3, 0, 0, 0, 5, 0, 0, 0, 0, 11, 5, 2, 0, 0, 16, 9, 5, 3, 4, 7, 0, 2, 6, 7, 0, 2, 4, 2, 10, 0, 4, 7, 2, 4, 3, 4, 7, 10, 2, 9, 2, 3, 8, 4, 4, 4, 0, 8, 0, 0, 0, 0, 4, 7, 6, 1, 5, 5, 2, 5, 1, 5, 12, 1, 4, 0, 1, 3, 11, 16, 7, 2, 6, 2, 4, 4, 1, 2, 18, 7, 5, 2, 11, 1, 10, 12, 5, 0, 0, 2, 7, 2, 6, 1, 7, 1, 18, 5, 0, 0, 8]"
43,planning,PMd,3.352112676056338,19,16.256298353501293,125.6,126.816,"[1, 1, 2, 0, 0, 0, 0, 0, 0, 2, 10, 0, 1, 13, 10, 6, 0, 0, 1, 0, 0, 2, 2, 1, 0, 7, 16, 0, 2, 0, 2, 2, 4, 4, 1, 0, 1, 1, 0, 0, 4, 2, 1, 0, 0, 3, 4, 4, 0, 5, 9, 2, 3, 0, 1, 19, 2, 1, 0, 2, 7, 1, 3, 2, 4, 1, 1, 4, 2, 6, 2, 0, 11, 1, 2, 3, 6, 0, 8, 1, 14, 4, 3, 7, 0, 3, 6, 1, 5, 2, 3, 1, 0, 0, 5, 4, 0, 0, 2, 1, 1, 1, 3, 6, 1, 3, 0, 0, 0, 10, 11, 13, 2, 7, 1, 2, 5, 5, 0, 5, 10, 5, 3, 13, 6, 13, 10, 8, 0, 0, 1, 0, 1, 4, 4, 16, 2, 7, 2, 0, 1, 14]"
44,planning,PMd,1.9647887323943662,13,7.1466474905772674,128.2,128.979,"[0, 0, 1, 0, 0, 0, 0, 0, 0, 0, 13, 0, 2, 9, 11, 2, 0, 0, 0, 1, 0, 1, 0, 3, 2, 6, 1, 0, 1, 0, 1, 6, 2, 5, 3, 2, 1, 0, 0, 0, 1, 0, 0, 0, 1, 0, 3, 0, 0, 1, 4, 2, 0, 0, 1, 13, 2, 0, 5, 0, 4, 0, 0, 1, 6, 3, 0, 1, 0, 8, 0, 0, 5, 0, 1, 3, 2, 5, 10, 0, 5, 0, 1, 3, 1, 1, 3, 0, 1, 1, 0, 0, 0, 5, 3, 3, 1, 7, 3, 1, 4, 0, 0, 4, 0, 2, 1, 3, 0, 1, 3, 4, 3, 7, 2, 2, 4, 0, 0, 1, 6, 1, 6, 1, 0, 4, 3, 1, 0, 0, 0, 0, 0, 4, 1, 2, 0, 8, 0, 0, 1, 6]"
45,planning,PMd,3.232394366197183,18,15.150218210672485,130.7,131.783,"[4, 1, 0, 0, 2, 2, 0, 0, 0, 5, 7, 0, 4, 12, 14, 8, 5, 0, 0, 0, 0, 0, 0, 0, 0, 2, 8, 1, 0, 0, 1, 0, 0, 7, 0, 0, 0, 1, 0, 0, 1, 2, 0, 0, 0, 3, 6, 3, 0, 4, 4, 8, 3, 0, 1, 17, 6, 5, 4, 0, 9, 1, 0, 8, 2, 2, 1, 4, 3, 6, 1, 0, 9, 1, 9, 7, 0, 1, 9, 0, 7, 0, 0, 11, 3, 0, 4, 0, 3, 0, 3, 4, 8, 3, 5, 4, 0, 2, 5, 0, 4, 1, 0, 4, 0, 0, 0, 3, 0, 5, 4, 18, 3, 10, 3, 4, 6, 1, 0, 3, 8, 3, 10, 3, 0, 8, 6, 13, 0, 0, 0, 1, 7, 9, 1, 11, 0, 12, 1, 0, 0, 11]"
46,planning,PMd,5.380281690140845,32,38.9539773854394,133.4,135.126,"[4, 6, 4, 1, 0, 0, 2, 1, 7, 0, 30, 1, 5, 18, 11, 13, 1, 0, 1, 6, 0, 0, 0, 5, 2, 15, 9, 0, 0, 0, 2, 4, 3, 20, 3, 0, 1, 2, 0, 0, 1, 3, 1, 1, 0, 9, 5, 2, 0, 1, 10, 5, 4, 0, 7, 32, 0, 6, 3, 3, 17, 0, 5, 6, 3, 3, 1, 9, 4, 14, 1, 0, 16, 4, 5, 2, 2, 4, 18, 1, 11, 4, 3, 5, 11, 0, 11, 0, 3, 2, 2, 6, 4, 5, 13, 15, 2, 10, 13, 1, 6, 0, 5, 16, 1, 0, 0, 1, 1, 13, 17, 10, 3, 4, 1, 0, 22, 2, 3, 15, 15, 0, 7, 6, 0, 5, 13, 6, 0, 1, 1, 3, 7, 16, 4, 14, 1, 20, 7, 0, 0, 12]"
47,planning,PMd,5.246478873239437,27,36.39699464391986,136.7,138.451,"[2, 1, 1, 6, 2, 1, 1, 0, 0, 1, 27, 0, 4, 19, 23, 8, 3, 0, 7, 6, 1, 6, 0, 0, 2, 12, 2, 0, 0, 0, 4, 7, 1, 7, 5, 2, 2, 1, 1, 1, 1, 7, 0, 0, 1, 6, 7, 3, 0, 4, 4, 4, 1, 0, 3, 23, 2, 6, 4, 0, 10, 1, 5, 9, 7, 3, 1, 3, 2, 7, 1, 1, 12, 0, 7, 1, 4, 6, 19, 0, 11, 0, 9, 7, 2, 1, 7, 0, 4, 4, 2, 5, 4, 2, 5, 14, 0, 7, 6, 1, 12, 0, 9, 16, 0, 1, 0, 5, 13, 12, 13, 14, 1, 10, 0, 5, 10, 3, 1, 19, 23, 4, 8, 15, 0, 10, 22, 11, 0, 0, 1, 6, 3, 8, 1, 13, 1, 27, 5, 0, 0, 11]"
48,planning,PMd,5.570422535211268,31,46.498561793294975,140.3,142.117,"[5, 0, 0, 0, 0, 1, 8, 0, 3, 8, 31, 0, 5, 15, 19, 14, 1, 0, 0, 0, 0, 1, 1, 1, 0, 2, 22, 2, 4, 0, 0, 1, 0, 16, 5, 0, 1, 2, 2, 1, 4, 12, 0, 0, 0, 3, 4, 1, 0, 1, 11, 4, 1, 0, 5, 30, 3, 12, 4, 8, 16, 5, 0, 4, 16, 5, 2, 4, 1, 17, 2, 2, 12, 3, 3, 4, 7, 4, 16, 2, 14, 2, 3, 14, 2, 2, 10, 2, 4, 1, 0, 3, 7, 1, 21, 14, 1, 0, 6, 0, 5, 0, 3, 11, 0, 1, 0, 3, 3, 11, 19, 16, 4, 14, 0, 0, 11, 5, 0, 3, 21, 3, 7, 12, 1, 23, 17, 18, 0, 0, 0, 0, 7, 4, 4, 16, 1, 12, 7, 0, 0, 23]"
49,planning,PMd,4.140845070422535,22,23.543542947827813,143.7,145.12,"[0, 0, 1, 1, 3, 2, 1, 0, 0, 2, 17, 0, 1, 13, 15, 6, 2, 1, 3, 2, 3, 2, 0, 0, 3, 8, 13, 0, 0, 1, 2, 3, 0, 9, 1, 1, 0, 1, 0, 0, 1, 0, 0, 0, 0, 6, 3, 5, 0, 5, 6, 4, 2, 0, 4, 22, 3, 4, 1, 2, 15, 0, 3, 6, 13, 6, 6, 5, 2, 8, 1, 0, 11, 1, 5, 3, 2, 0, 14, 0, 8, 3, 2, 10, 1, 0, 1, 0, 2, 1, 0, 10, 3, 4, 5, 4, 0, 7, 5, 1, 9, 1, 5, 10, 0, 2, 1, 12, 2, 11, 17, 11, 5, 5, 2, 1, 11, 12, 2, 7, 11, 1, 6, 4, 0, 6, 7, 20, 0, 0, 0, 2, 2, 5, 3, 11, 0, 22, 3, 0, 2, 4]"
50,planning,PMd,4.225352112676056,25,26.695695298551872,146.6,147.91,"[0, 0, 1, 0, 1, 3, 1, 0, 2, 2, 19, 0, 5, 15, 25, 9, 0, 0, 5, 2, 6, 2, 0, 0, 2, 11, 2, 0, 0, 0, 4, 4, 1, 10, 1, 0, 0, 1, 2, 0, 3, 2, 0, 0, 2, 6, 4, 0, 0, 1, 14, 5, 1, 0, 4, 22, 3, 8, 3, 7, 4, 2, 1, 6, 9, 0, 2, 8, 2, 5, 1, 1, 7, 1, 12, 3, 1, 0, 11, 0, 9, 5, 6, 10, 4, 0, 8, 0, 2, 0, 0, 6, 0, 4, 3, 8, 0, 5, 7, 1, 6, 0, 2, 7, 2, 0, 1, 1, 9, 9, 17, 13, 1, 5, 0, 3, 7, 2, 1, 10, 10, 3, 4, 7, 0, 16, 10, 20, 0, 0, 3, 4, 3, 6, 0, 11, 0, 24, 2, 0, 0, 6]"
51,planning,PMd,5.014084507042254,24,33.88712557032334,149.3,151.141,"[0, 0, 1, 0, 3, 0, 0, 0, 1, 4, 10, 0, 6, 16, 22, 4, 2, 0, 1, 0, 0, 4, 0, 0, 0, 7, 16, 0, 1, 0, 4, 2, 0, 7, 0, 2, 1, 0, 2, 2, 17, 5, 1, 0, 1, 7, 5, 0, 0, 5, 9, 0, 0, 0, 7, 24, 7, 23, 3, 10, 20, 0, 4, 12, 10, 5, 1, 8, 2, 13, 2, 0, 16, 3, 3, 2, 1, 2, 19, 0, 9, 4, 1, 7, 1, 3, 11, 0, 3, 0, 1, 0, 3, 1, 17, 8, 0, 12, 10, 2, 5, 0, 4, 13, 0, 5, 3, 7, 6, 16, 5, 14, 6, 10, 1, 2, 6, 7, 1, 2, 13, 6, 6, 4, 0, 9, 16, 23, 2, 0, 0, 2, 13, 7, 4, 10, 1, 10, 13, 0, 0, 2]"
52,planning,PMd,4.309859154929577,24,25.55187462804999,152.7,154.078,"[0, 1, 1, 0, 0, 0, 1, 0, 1, 6, 14, 0, 2, 16, 18, 4, 3, 0, 0, 0, 0, 1, 0, 1, 0, 8, 6, 0, 0, 0, 2, 4, 2, 13, 2, 0, 1, 0, 3, 0, 3, 6, 0, 0, 0, 5, 4, 0, 1, 2, 4, 3, 0, 0, 2, 15, 3, 5, 5, 4, 11, 0, 4, 7, 10, 1, 4, 4, 3, 7, 1, 1, 15, 1, 10, 3, 2, 3, 12, 4, 14, 3, 9, 5, 8, 1, 6, 0, 3, 0, 0, 5, 4, 2, 9, 12, 0, 4, 8, 4, 11, 0, 3, 10, 0, 5, 0, 1, 4, 11, 7, 24, 3, 6, 0, 2, 13, 0, 0, 4, 14, 4, 9, 14, 0, 8, 12, 5, 0, 0, 0, 3, 2, 5, 1, 13, 0, 20, 6, 0, 0, 20]"
53,planning,PMd,3.211267605633803,19,17.25114064669708,155.4,156.447,"[0, 0, 0, 0, 0, 0, 0, 0, 0, 2, 14, 0, 3, 15, 9, 1, 0, 0, 1, 0, 0, 2, 0, 0, 0, 10, 10, 0, 0, 0, 1, 4, 1, 7, 5, 0, 0, 1, 1, 0, 2, 2, 0, 0, 2, 4, 4, 1, 0, 8, 7, 2, 0, 0, 1, 16, 3, 5, 0, 2, 6, 0, 3, 7, 6, 3, 0, 7, 3, 11, 0, 3, 14, 0, 5, 3, 2, 5, 16, 1, 19, 1, 2, 4, 6, 3, 2, 0, 3, 2, 0, 0, 3, 1, 3, 3, 0, 2, 5, 0, 6, 1, 2, 12, 2, 1, 0, 1, 4, 6, 7, 10, 1, 4, 0, 3, 14, 1, 3, 2, 12, 0, 1, 1, 0, 4, 12, 8, 0, 0, 0, 4, 0, 2, 1, 6, 1, 13, 3, 0, 0, 8]"
54,planning,PMd,4.056338028169014,18,21.574290815314423,157.9,159.251,"[1, 0, 1, 2, 1, 0, 2, 1, 2, 1, 15, 0, 2, 13, 13, 5, 0, 1, 0, 0, 0, 1, 0, 0, 1, 9, 7, 0, 0, 0, 2, 8, 0, 11, 0, 0, 2, 1, 2, 2, 6, 2, 0, 1, 0, 4, 2, 4, 0, 1, 11, 2, 0, 0, 3, 17, 1, 2, 6, 3, 10, 3, 2, 4, 14, 3, 3, 7, 2, 8, 2, 1, 14, 1, 10, 3, 0, 5, 16, 0, 12, 1, 8, 9, 14, 1, 4, 0, 6, 2, 0, 7, 4, 4, 7, 5, 0, 8, 2, 0, 4, 0, 4, 14, 1, 2, 0, 4, 6, 10, 13, 18, 3, 2, 0, 1, 7, 0, 1, 5, 17, 8, 11, 1, 0, 7, 4, 8, 1, 0, 1, 1, 4, 7, 4, 9, 1, 18, 1, 0, 0, 5]"
55,planning,PMd,3.007042253521127,23,15.387274350327317,160.8,161.774,"[2, 0, 0, 2, 2, 1, 1, 0, 0, 4, 8, 0, 6, 6, 23, 7, 0, 0, 2, 0, 1, 3, 0, 2, 1, 9, 6, 0, 3, 0, 3, 1, 0, 6, 2, 0, 0, 1, 0, 0, 1, 3, 0, 0, 0, 0, 3, 1, 1, 0, 4, 3, 1, 0, 2, 8, 2, 1, 5, 1, 19, 0, 4, 6, 5, 0, 2, 2, 1, 15, 0, 0, 11, 0, 1, 3, 2, 1, 9, 0, 3, 3, 1, 7, 3, 1, 3, 0, 2, 0, 0, 0, 0, 0, 2, 3, 2, 4, 2, 0, 9, 0, 2, 8, 0, 0, 0, 1, 2, 11, 9, 9, 1, 3, 2, 3, 9, 5, 1, 5, 11, 0, 2, 7, 1, 8, 8, 8, 0, 0, 0, 0, 2, 12, 2, 9, 0, 7, 10, 0, 0, 5]"
56,planning,PMd,4.957746478873239,33,33.57567942868477,163.1,164.684,"[6, 4, 6, 2, 0, 0, 6, 1, 0, 4, 33, 3, 7, 11, 14, 10, 6, 1, 3, 6, 0, 4, 0, 1, 7, 15, 7, 3, 1, 0, 1, 3, 0, 7, 2, 3, 0, 1, 1, 0, 3, 5, 1, 0, 0, 4, 7, 3, 0, 1, 2, 8, 1, 0, 3, 28, 3, 5, 4, 5, 9, 1, 8, 6, 9, 2, 5, 8, 5, 8, 1, 5, 12, 2, 11, 3, 3, 1, 10, 1, 16, 2, 2, 9, 7, 3, 4, 0, 3, 1, 1, 1, 8, 2, 16, 3, 1, 1, 2, 0, 5, 0, 7, 9, 0, 1, 0, 4, 1, 12, 15, 12, 3, 6, 1, 0, 23, 5, 2, 8, 18, 8, 9, 6, 0, 9, 4, 20, 0, 0, 0, 1, 0, 5, 2, 11, 0, 25, 3, 0, 0, 15]"
57,planning,PMd,4.640845070422535,31,33.37100773656021,166.2,167.834,"[0, 0, 0, 1, 0, 2, 2, 0, 1, 0, 12, 0, 3, 22, 13, 11, 4, 0, 0, 1, 0, 0, 0, 0, 2, 8, 1, 0, 2, 0, 3, 18, 4, 11, 0, 0, 1, 0, 1, 1, 3, 9, 0, 0, 1, 5, 4, 2, 0, 2, 10, 3, 0, 0, 2, 16, 5, 3, 5, 6, 14, 1, 3, 6, 8, 0, 0, 6, 2, 8, 0, 0, 17, 3, 10, 7, 3, 3, 16, 1, 6, 2, 5, 8, 17, 1, 5, 0, 4, 2, 0, 5, 1, 3, 9, 17, 1, 3, 5, 2, 9, 1, 0, 18, 0, 0, 0, 0, 8, 12, 11, 17, 3, 6, 2, 0, 14, 1, 0, 3, 13, 1, 6, 7, 0, 15, 19, 13, 0, 0, 0, 2, 3, 7, 3, 15, 0, 31, 5, 1, 0, 9]"
58,planning,PMd,3.711267605633803,24,19.261704026978773,169.4,170.728,"[0, 0, 1, 1, 1, 1, 2, 0, 0, 6, 10, 0, 2, 16, 12, 2, 1, 1, 0, 0, 0, 0, 0, 0, 1, 6, 1, 0, 1, 0, 1, 1, 2, 7, 5, 0, 2, 0, 3, 0, 2, 5, 1, 0, 1, 5, 3, 5, 0, 2, 2, 4, 1, 1, 5, 24, 0, 6, 7, 2, 8, 2, 1, 7, 8, 5, 1, 3, 3, 7, 1, 1, 10, 2, 1, 0, 3, 6, 11, 4, 14, 2, 4, 5, 7, 2, 9, 0, 7, 0, 0, 5, 1, 1, 7, 8, 0, 7, 6, 0, 5, 0, 4, 13, 0, 2, 0, 0, 3, 8, 9, 12, 1, 5, 2, 0, 13, 0, 2, 5, 16, 2, 6, 8, 0, 9, 16, 7, 0, 0, 0, 0, 2, 4, 2, 9, 0, 9, 5, 0, 0, 17]"
59,planning,PMd,5.492957746478873,29,41.24995040666535,172.2,174.068,"[4, 2, 0, 0, 1, 1, 7, 0, 0, 5, 22, 0, 3, 16, 21, 9, 3, 1, 0, 0, 0, 3, 0, 1, 0, 6, 25, 2, 1, 1, 4, 4, 0, 8, 0, 2, 0, 1, 0, 1, 2, 7, 2, 0, 2, 5, 5, 0, 0, 1, 7, 2, 2, 0, 2, 29, 3, 10, 4, 5, 6, 1, 1, 8, 18, 4, 1, 9, 5, 14, 2, 1, 15, 4, 6, 6, 4, 8, 21, 0, 13, 2, 0, 14, 6, 1, 5, 2, 3, 1, 4, 3, 5, 0, 19, 14, 0, 8, 5, 0, 3, 0, 5, 18, 0, 1, 1, 8, 4, 11, 11, 22, 4, 9, 0, 5, 10, 3, 5, 3, 17, 5, 12, 11, 1, 10, 14, 18, 0, 0, 0, 1, 4, 4, 5, 11, 0, 25, 13, 3, 0, 22]"
60,planning,PMd,2.647887323943662,21,11.946439198571712,175.8,176.655,"[0, 0, 9, 3, 1, 0, 0, 0, 4, 0, 7, 1, 0, 21, 6, 7, 0, 0, 0, 0, 0, 0, 0, 1, 0, 3, 1, 0, 0, 0, 0, 5, 3, 6, 0, 4, 0, 0, 0, 0, 3, 2, 0, 0, 0, 2, 3, 3, 0, 2, 6, 0, 0, 0, 2, 11, 3, 2, 1, 1, 8, 6, 2, 5, 2, 0, 3, 6, 0, 8, 1, 0, 8, 0, 5, 2, 2, 2, 10, 0, 3, 0, 2, 17, 5, 1, 2, 0, 6, 0, 0, 0, 1, 6, 1, 2, 7, 1, 1, 0, 2, 0, 5, 4, 0, 3, 1, 1, 7, 6, 3, 10, 6, 4, 0, 0, 8, 0, 1, 5, 11, 0, 6, 2, 0, 5, 6, 2, 0, 0, 0, 0, 0, 3, 8, 4, 0, 8, 2, 1, 0, 4]"
61,planning,PMd,4.02112676056338,22,22.80941281491767,178.6,179.958,"[1, 0, 3, 5, 0, 0, 0, 0, 0, 1, 21, 1, 8, 11, 12, 9, 1, 0, 4, 3, 8, 0, 0, 0, 10, 12, 12, 2, 1, 1, 1, 2, 1, 2, 2, 0, 0, 3, 0, 0, 3, 8, 0, 0, 3, 2, 9, 1, 0, 5, 11, 6, 2, 0, 2, 22, 1, 2, 5, 2, 3, 0, 5, 6, 8, 0, 3, 3, 1, 5, 0, 0, 3, 2, 7, 0, 1, 2, 18, 1, 6, 0, 4, 5, 2, 0, 13, 0, 2, 0, 0, 4, 5, 4, 1, 8, 0, 2, 3, 0, 2, 1, 1, 10, 1, 3, 1, 6, 1, 3, 14, 9, 1, 9, 1, 0, 15, 17, 2, 7, 12, 1, 9, 1, 0, 16, 11, 9, 0, 0, 0, 6, 7, 9, 3, 12, 1, 12, 1, 0, 1, 8]"
62,planning,PMd,5.035211267605634,32,36.25932354691529,181.4,182.899,"[3, 1, 1, 4, 0, 1, 0, 0, 1, 0, 32, 1, 19, 14, 6, 7, 1, 0, 0, 6, 20, 3, 0, 0, 5, 18, 14, 0, 0, 5, 8, 5, 2, 13, 2, 5, 0, 0, 0, 0, 1, 3, 1, 1, 0, 3, 5, 1, 0, 1, 14, 5, 0, 0, 2, 20, 3, 13, 4, 4, 13, 0, 1, 1, 18, 4, 1, 2, 2, 11, 0, 1, 11, 1, 3, 5, 3, 0, 16, 1, 20, 2, 4, 10, 1, 0, 14, 0, 5, 0, 1, 2, 7, 3, 18, 7, 0, 1, 12, 3, 12, 0, 2, 14, 1, 2, 0, 6, 3, 7, 12, 18, 7, 8, 2, 6, 10, 15, 2, 11, 5, 2, 1, 3, 0, 2, 9, 18, 0, 2, 1, 1, 3, 10, 3, 6, 0, 14, 2, 0, 1, 12]"
63,planning,PMd,3.7183098591549295,21,21.69529855187463,184.4,185.86,"[1, 1, 0, 0, 2, 1, 0, 0, 1, 5, 17, 0, 2, 17, 15, 0, 1, 0, 0, 0, 0, 2, 0, 0, 0, 6, 5, 0, 1, 0, 3, 0, 1, 7, 1, 4, 0, 2, 0, 0, 1, 1, 1, 0, 1, 6, 6, 1, 0, 0, 10, 3, 1, 0, 3, 21, 3, 4, 2, 4, 7, 0, 0, 10, 8, 1, 2, 4, 5, 8, 2, 0, 13, 0, 2, 3, 4, 4, 17, 0, 11, 1, 4, 12, 6, 1, 7, 0, 2, 0, 0, 1, 4, 4, 11, 13, 0, 5, 4, 0, 5, 1, 2, 14, 0, 2, 0, 3, 1, 8, 6, 16, 4, 6, 2, 1, 9, 5, 1, 2, 7, 2, 2, 3, 0, 10, 8, 10, 0, 0, 0, 4, 5, 8, 2, 4, 0, 19, 2, 0, 0, 15]"
64,planning,PMd,4.197183098591549,22,25.665344177742515,187.4,188.849,"[1, 0, 0, 0, 0, 1, 0, 0, 1, 3, 20, 0, 5, 20, 17, 3, 1, 0, 0, 0, 0, 0, 1, 1, 1, 11, 17, 0, 0, 0, 0, 5, 0, 6, 4, 3, 2, 1, 0, 0, 2, 8, 1, 0, 0, 5, 6, 1, 0, 1, 7, 4, 1, 0, 0, 11, 0, 6, 2, 4, 8, 3, 4, 5, 12, 2, 0, 6, 6, 12, 2, 1, 11, 0, 5, 2, 3, 3, 15, 0, 13, 1, 3, 12, 8, 4, 11, 0, 6, 1, 0, 2, 2, 6, 3, 8, 1, 4, 3, 1, 6, 1, 8, 9, 0, 3, 0, 1, 1, 10, 12, 14, 0, 6, 0, 2, 9, 0, 0, 13, 13, 9, 9, 5, 0, 11, 17, 9, 0, 0, 1, 1, 1, 6, 0, 14, 0, 22, 5, 0, 0, 6]"
65,planning,PMd,5.225352112676056,24,35.17456853798849,190.3,192.127,"[0, 2, 0, 0, 2, 2, 0, 0, 1, 5, 24, 2, 2, 17, 13, 9, 2, 0, 2, 0, 1, 3, 0, 0, 0, 8, 16, 0, 1, 0, 1, 5, 0, 13, 1, 0, 1, 1, 0, 0, 11, 4, 0, 0, 1, 4, 3, 2, 0, 5, 8, 4, 8, 1, 3, 22, 2, 11, 9, 3, 21, 0, 1, 11, 15, 2, 2, 4, 2, 11, 2, 0, 24, 3, 10, 5, 3, 6, 14, 3, 9, 1, 0, 13, 4, 1, 8, 0, 3, 0, 0, 6, 1, 2, 12, 14, 0, 2, 13, 2, 4, 3, 1, 12, 0, 4, 2, 5, 2, 10, 21, 12, 8, 8, 2, 1, 11, 7, 3, 13, 9, 0, 11, 8, 0, 18, 17, 14, 1, 0, 1, 3, 2, 11, 3, 16, 0, 16, 4, 0, 0, 14]"
66,planning,PMd,4.507042253521127,27,26.19361237849633,193.7,195.12,"[2, 0, 3, 2, 5, 0, 3, 0, 1, 2, 27, 0, 4, 7, 18, 6, 3, 0, 3, 4, 8, 0, 0, 4, 7, 14, 5, 0, 0, 1, 2, 6, 2, 7, 1, 1, 0, 0, 0, 1, 3, 1, 1, 0, 0, 2, 2, 5, 0, 2, 7, 4, 1, 0, 6, 18, 2, 9, 0, 0, 12, 0, 4, 1, 5, 1, 0, 6, 7, 9, 1, 0, 11, 2, 7, 0, 6, 0, 15, 0, 6, 0, 1, 8, 2, 3, 10, 0, 3, 0, 3, 0, 5, 0, 14, 8, 1, 6, 4, 1, 7, 0, 5, 8, 0, 8, 0, 7, 2, 10, 18, 16, 4, 9, 1, 8, 5, 18, 0, 10, 13, 2, 9, 5, 1, 14, 9, 18, 0, 0, 0, 0, 8, 12, 2, 12, 1, 11, 8, 0, 0, 5]"
67,planning,PMd,3.5985915492957745,19,18.690983931759572,196.5,197.731,"[3, 3, 3, 1, 0, 0, 1, 0, 1, 3, 15, 0, 4, 18, 11, 3, 1, 0, 0, 0, 1, 2, 0, 0, 0, 6, 8, 4, 2, 0, 4, 8, 1, 13, 1, 0, 0, 1, 0, 0, 2, 3, 1, 0, 2, 2, 2, 2, 0, 0, 5, 7, 3, 0, 5, 19, 2, 8, 6, 4, 8, 5, 1, 4, 6, 1, 2, 4, 3, 7, 1, 0, 14, 1, 10, 4, 4, 2, 12, 1, 13, 0, 0, 5, 2, 4, 2, 0, 1, 1, 0, 2, 2, 1, 3, 8, 2, 6, 3, 0, 10, 1, 7, 9, 0, 3, 0, 2, 3, 9, 12, 17, 2, 4, 0, 1, 12, 0, 0, 15, 4, 3, 1, 3, 0, 1, 15, 4, 0, 0, 1, 2, 2, 1, 1, 6, 0, 13, 5, 0, 0, 6]"
68,planning,PMd,4.866197183098592,27,35.031392580837135,199.2,200.831,"[0, 0, 2, 2, 0, 2, 3, 0, 0, 3, 14, 0, 0, 21, 12, 9, 0, 0, 0, 0, 0, 1, 0, 0, 1, 14, 6, 0, 0, 0, 2, 3, 0, 6, 0, 3, 0, 0, 2, 0, 8, 7, 0, 0, 0, 3, 2, 2, 0, 4, 7, 2, 3, 0, 3, 27, 1, 7, 0, 3, 13, 4, 1, 3, 10, 2, 1, 5, 1, 14, 1, 0, 16, 3, 9, 3, 0, 3, 15, 1, 15, 11, 5, 5, 17, 2, 6, 0, 4, 3, 1, 13, 4, 8, 7, 18, 1, 6, 7, 2, 14, 0, 4, 15, 0, 2, 0, 3, 6, 6, 18, 16, 3, 6, 0, 0, 23, 0, 2, 12, 12, 5, 6, 5, 0, 2, 14, 9, 2, 0, 3, 13, 3, 10, 0, 12, 0, 25, 2, 0, 0, 13]"
69,planning,PMd,3.183098591549296,23,17.43126363816703,202.4,203.594,"[1, 2, 1, 0, 1, 0, 0, 0, 2, 4, 20, 0, 4, 16, 8, 3, 2, 1, 0, 0, 0, 1, 0, 0, 0, 9, 3, 0, 0, 1, 0, 0, 0, 10, 0, 2, 0, 3, 0, 1, 2, 1, 0, 0, 0, 1, 5, 3, 0, 0, 8, 6, 0, 0, 1, 13, 4, 6, 1, 5, 7, 0, 1, 7, 7, 3, 2, 2, 1, 6, 3, 0, 12, 0, 7, 3, 3, 4, 12, 1, 9, 2, 0, 7, 5, 1, 6, 0, 2, 0, 0, 2, 1, 4, 3, 3, 0, 3, 2, 0, 8, 0, 6, 10, 0, 1, 0, 0, 1, 6, 14, 5, 0, 7, 1, 0, 3, 0, 1, 5, 10, 0, 7, 9, 0, 9, 11, 6, 0, 0, 0, 4, 0, 6, 0, 8, 1, 23, 1, 0, 0, 7]"
70,planning,PMd,5.007042253521127,30,38.31685181511605,205.1,206.692,"[1, 3, 0, 1, 1, 1, 0, 1, 0, 1, 16, 0, 1, 27, 15, 3, 1, 0, 0, 0, 0, 5, 0, 2, 0, 6, 14, 0, 0, 0, 2, 7, 0, 13, 2, 3, 0, 4, 0, 1, 10, 2, 1, 0, 0, 6, 2, 2, 0, 5, 6, 2, 0, 0, 0, 30, 1, 3, 4, 1, 17, 0, 2, 10, 9, 6, 0, 6, 6, 7, 1, 0, 18, 1, 3, 3, 3, 10, 18, 0, 13, 3, 11, 2, 13, 2, 4, 0, 7, 1, 3, 10, 2, 9, 7, 14, 1, 4, 4, 0, 12, 0, 2, 12, 1, 0, 0, 5, 17, 6, 9, 12, 3, 7, 2, 3, 19, 0, 1, 4, 10, 7, 8, 3, 0, 18, 23, 8, 0, 0, 0, 7, 1, 16, 2, 12, 0, 23, 13, 0, 0, 9]"
71,planning,PMd,4.338028169014085,24,25.899821463995238,208.3,209.704,"[0, 0, 0, 0, 2, 0, 0, 0, 0, 1, 20, 0, 3, 13, 13, 7, 0, 0, 1, 1, 0, 2, 0, 0, 5, 5, 22, 0, 2, 0, 4, 3, 0, 8, 3, 2, 1, 1, 0, 0, 6, 2, 1, 0, 2, 4, 9, 1, 1, 2, 3, 4, 1, 0, 6, 24, 2, 3, 5, 3, 16, 2, 2, 6, 8, 6, 2, 6, 5, 12, 2, 1, 8, 0, 5, 2, 8, 2, 15, 4, 10, 3, 2, 5, 3, 4, 5, 2, 2, 0, 0, 0, 4, 1, 21, 8, 1, 4, 4, 0, 10, 3, 4, 13, 0, 4, 0, 1, 0, 7, 7, 19, 2, 9, 2, 2, 10, 12, 0, 3, 10, 10, 5, 10, 0, 9, 9, 14, 0, 0, 0, 0, 4, 5, 4, 14, 0, 13, 4, 0, 0, 8]"
72,planning,PMd,4.302816901408451,23,26.0702737552073,211.1,212.561,"[4, 3, 0, 0, 3, 0, 6, 0, 0, 3, 21, 0, 3, 7, 11, 7, 0, 0, 1, 1, 0, 0, 0, 0, 0, 8, 10, 0, 0, 0, 0, 1, 0, 7, 2, 1, 0, 0, 0, 0, 7, 8, 0, 0, 1, 2, 3, 2, 1, 2, 6, 3, 0, 0, 3, 23, 1, 4, 0, 2, 9, 0, 3, 2, 12, 5, 1, 8, 3, 6, 0, 0, 14, 2, 5, 5, 1, 6, 16, 1, 8, 7, 2, 7, 4, 1, 12, 0, 6, 0, 0, 5, 7, 2, 14, 8, 0, 3, 4, 0, 8, 0, 1, 10, 0, 1, 2, 3, 3, 20, 12, 19, 4, 9, 3, 2, 11, 4, 1, 0, 10, 2, 11, 4, 0, 13, 9, 17, 0, 0, 1, 4, 6, 11, 3, 10, 0, 18, 9, 0, 1, 13]"
73,planning,PMd,4.570422535211268,24,27.611237849633003,214.2,215.927,"[4, 4, 4, 0, 1, 2, 0, 2, 0, 7, 10, 0, 6, 24, 12, 14, 2, 0, 6, 0, 0, 2, 0, 4, 0, 9, 12, 0, 4, 1, 2, 6, 1, 9, 0, 5, 1, 2, 0, 4, 2, 2, 0, 0, 1, 2, 3, 1, 0, 1, 4, 7, 2, 0, 3, 16, 6, 2, 5, 4, 11, 2, 3, 3, 7, 3, 3, 9, 1, 12, 3, 0, 19, 2, 6, 1, 2, 0, 10, 1, 14, 1, 8, 5, 12, 1, 7, 0, 2, 1, 2, 5, 3, 4, 1, 10, 0, 10, 8, 0, 10, 0, 3, 13, 0, 1, 0, 2, 9, 12, 19, 9, 4, 10, 1, 1, 21, 1, 1, 4, 16, 2, 2, 3, 0, 15, 18, 3, 0, 0, 0, 3, 0, 4, 1, 16, 0, 18, 6, 0, 0, 8]"
74,planning,PMd,3.26056338028169,22,16.291261654433647,217.3,218.459,"[3, 4, 5, 0, 0, 0, 4, 0, 0, 4, 10, 0, 5, 16, 4, 5, 2, 1, 1, 0, 0, 3, 0, 0, 0, 4, 14, 1, 0, 0, 2, 2, 0, 6, 2, 3, 0, 2, 0, 0, 0, 1, 0, 0, 1, 4, 5, 1, 0, 3, 6, 1, 1, 0, 2, 11, 1, 9, 5, 2, 9, 0, 3, 4, 3, 0, 1, 3, 3, 3, 0, 0, 15, 0, 3, 0, 2, 3, 10, 0, 10, 4, 3, 11, 7, 1, 3, 0, 3, 6, 1, 1, 6, 7, 5, 8, 0, 6, 6, 0, 8, 0, 5, 6, 0, 2, 0, 2, 2, 8, 14, 10, 3, 3, 0, 0, 22, 0, 2, 4, 9, 0, 0, 1, 0, 2, 5, 5, 0, 0, 0, 2, 2, 0, 3, 7, 1, 17, 2, 0, 0, 10]"
75,planning,PMd,4.542253521126761,23,27.684834358262258,219.9,221.305,"[3, 0, 0, 0, 1, 0, 1, 0, 1, 0, 17, 0, 6, 11, 13, 15, 0, 0, 0, 1, 0, 2, 1, 1, 1, 8, 7, 0, 2, 0, 5, 3, 0, 9, 2, 1, 0, 5, 0, 0, 5, 4, 1, 0, 1, 1, 3, 2, 0, 1, 4, 1, 0, 0, 2, 21, 3, 4, 6, 3, 9, 2, 1, 5, 8, 5, 3, 6, 1, 5, 2, 1, 23, 2, 9, 3, 9, 4, 17, 2, 11, 8, 0, 7, 2, 0, 5, 0, 4, 4, 5, 6, 1, 5, 15, 8, 0, 5, 5, 1, 4, 0, 1, 8, 0, 3, 0, 8, 7, 14, 17, 7, 2, 10, 0, 1, 20, 8, 2, 5, 22, 5, 9, 4, 3, 13, 13, 5, 0, 0, 0, 5, 6, 9, 1, 18, 1, 17, 2, 0, 0, 8]"
76,planning,PMd,3.647887323943662,20,17.608411029557622,222.8,223.857,"[1, 0, 1, 2, 3, 0, 0, 0, 0, 0, 14, 0, 7, 11, 13, 2, 4, 0, 2, 4, 4, 2, 0, 0, 10, 11, 1, 0, 0, 0, 3, 4, 2, 10, 2, 2, 0, 1, 0, 0, 0, 0, 0, 0, 0, 6, 3, 0, 0, 6, 9, 7, 1, 1, 6, 12, 2, 2, 5, 2, 13, 0, 1, 0, 6, 4, 0, 2, 5, 9, 2, 2, 20, 0, 3, 2, 14, 1, 14, 0, 7, 0, 6, 11, 1, 0, 4, 0, 7, 0, 0, 6, 2, 3, 3, 3, 2, 5, 6, 0, 7, 0, 1, 5, 0, 16, 0, 2, 8, 13, 9, 10, 3, 5, 1, 1, 8, 3, 0, 3, 10, 1, 8, 2, 0, 4, 5, 2, 0, 0, 0, 2, 6, 6, 1, 5, 1, 7, 6, 1, 1, 13]"
77,planning,PMd,3.3309859154929575,18,14.39044832374529,225.2,226.225,"[0, 0, 0, 0, 1, 0, 5, 0, 0, 8, 18, 0, 10, 9, 8, 7, 0, 0, 0, 0, 1, 3, 2, 0, 0, 10, 9, 2, 1, 0, 4, 1, 0, 8, 0, 1, 0, 1, 1, 0, 2, 1, 0, 0, 3, 2, 5, 3, 0, 2, 6, 1, 3, 0, 15, 13, 0, 12, 3, 3, 6, 0, 1, 1, 7, 2, 0, 2, 0, 5, 3, 0, 4, 2, 8, 5, 2, 2, 10, 0, 9, 2, 2, 8, 2, 0, 0, 0, 1, 0, 0, 3, 2, 1, 10, 8, 1, 3, 2, 4, 3, 5, 1, 6, 0, 0, 0, 3, 3, 9, 9, 11, 0, 5, 3, 0, 6, 6, 0, 3, 14, 4, 3, 8, 6, 12, 6, 7, 0, 0, 0, 1, 7, 7, 2, 4, 0, 6, 4, 0, 0, 7]"
78,planning,PMd,5.394366197183099,31,42.99940487998412,227.8,229.524,"[3, 2, 1, 1, 1, 0, 12, 0, 1, 3, 17, 0, 5, 24, 17, 6, 1, 0, 0, 0, 0, 3, 0, 0, 0, 14, 5, 0, 0, 0, 1, 2, 1, 9, 0, 4, 0, 2, 0, 0, 2, 2, 0, 0, 0, 8, 9, 2, 0, 1, 4, 3, 2, 0, 5, 31, 3, 2, 7, 8, 8, 0, 3, 9, 14, 1, 2, 7, 6, 12, 1, 0, 24, 3, 11, 1, 4, 7, 19, 1, 26, 7, 4, 5, 4, 3, 8, 0, 3, 1, 1, 8, 2, 0, 13, 10, 0, 8, 11, 0, 12, 0, 6, 24, 1, 1, 0, 4, 9, 11, 21, 18, 4, 7, 3, 1, 8, 0, 2, 13, 17, 4, 8, 10, 0, 18, 4, 15, 0, 1, 3, 10, 4, 7, 1, 4, 0, 25, 6, 0, 0, 13]"
79,planning,PMd,3.9014084507042255,20,19.159293790914504,231.2,232.529,"[3, 2, 2, 1, 1, 0, 1, 0, 0, 13, 19, 0, 5, 9, 12, 7, 3, 0, 1, 1, 1, 6, 0, 0, 0, 9, 16, 1, 2, 0, 2, 1, 1, 6, 1, 1, 0, 0, 0, 1, 2, 7, 0, 0, 1, 3, 2, 0, 0, 1, 1, 7, 2, 1, 7, 20, 8, 14, 3, 3, 7, 0, 2, 5, 4, 0, 3, 11, 3, 6, 2, 0, 8, 0, 7, 5, 1, 1, 9, 0, 8, 2, 0, 8, 2, 2, 8, 2, 5, 0, 1, 2, 2, 4, 12, 5, 1, 5, 3, 1, 4, 1, 3, 17, 0, 1, 2, 2, 3, 8, 14, 12, 2, 5, 3, 0, 5, 1, 0, 8, 8, 6, 9, 2, 0, 6, 11, 9, 0, 0, 0, 0, 5, 9, 2, 7, 0, 10, 10, 0, 0, 12]"
80,planning,PMd,4.669014084507042,34,36.47495536599881,234.2,235.917,"[0, 1, 0, 0, 2, 0, 4, 0, 0, 0, 28, 0, 2, 17, 17, 9, 0, 0, 0, 0, 0, 1, 1, 0, 0, 8, 15, 0, 4, 0, 2, 3, 0, 9, 1, 0, 1, 5, 0, 0, 5, 5, 0, 0, 0, 5, 5, 3, 0, 3, 7, 3, 2, 0, 6, 34, 0, 8, 4, 6, 9, 1, 2, 5, 9, 4, 1, 5, 3, 4, 1, 1, 12, 2, 5, 1, 4, 5, 14, 5, 9, 2, 3, 10, 6, 2, 18, 0, 1, 0, 0, 3, 3, 0, 19, 4, 0, 7, 6, 0, 5, 1, 3, 10, 0, 2, 2, 5, 2, 13, 16, 14, 7, 7, 1, 2, 28, 16, 1, 2, 17, 1, 8, 5, 0, 3, 6, 11, 0, 0, 0, 1, 1, 10, 3, 15, 3, 12, 3, 1, 1, 13]"
81,planning,PMd,4.654929577464789,26,28.916137671097005,237.5,239.072,"[1, 0, 0, 0, 5, 1, 2, 3, 0, 2, 26, 0, 7, 11, 16, 12, 2, 0, 0, 0, 0, 3, 0, 0, 0, 10, 18, 3, 5, 1, 0, 3, 1, 7, 0, 1, 0, 3, 2, 0, 3, 5, 2, 0, 1, 7, 2, 4, 0, 1, 7, 4, 3, 0, 2, 22, 2, 7, 6, 4, 12, 2, 2, 7, 12, 4, 1, 3, 6, 10, 1, 3, 5, 1, 5, 2, 0, 2, 16, 2, 11, 3, 1, 12, 2, 0, 7, 0, 3, 2, 3, 5, 2, 6, 8, 4, 2, 5, 5, 2, 11, 0, 5, 9, 0, 1, 0, 3, 2, 10, 15, 7, 2, 6, 1, 1, 21, 9, 0, 2, 16, 8, 3, 12, 2, 13, 23, 11, 0, 0, 0, 0, 2, 6, 3, 18, 0, 15, 4, 1, 5, 8]"
82,planning,PMd,4.302816901408451,23,25.95759769886927,240.5,242.017,"[3, 1, 0, 1, 0, 0, 1, 0, 0, 3, 14, 0, 2, 21, 10, 8, 0, 1, 2, 1, 0, 5, 0, 0, 0, 6, 23, 0, 0, 0, 0, 3, 4, 9, 3, 2, 0, 2, 0, 0, 5, 5, 0, 0, 3, 5, 4, 4, 0, 2, 4, 2, 1, 0, 1, 10, 4, 6, 6, 2, 11, 1, 1, 7, 4, 2, 0, 5, 4, 9, 0, 1, 17, 2, 3, 1, 3, 4, 10, 0, 10, 3, 0, 9, 3, 3, 8, 0, 5, 1, 0, 4, 4, 1, 6, 12, 0, 8, 12, 1, 5, 0, 11, 12, 0, 4, 0, 0, 1, 14, 22, 10, 3, 5, 0, 0, 10, 2, 2, 7, 16, 7, 7, 5, 2, 8, 19, 13, 0, 0, 0, 2, 1, 1, 9, 17, 0, 14, 8, 1, 0, 9]"
83,planning,PMd,2.1549295774647885,13,6.652053164054752,243.4,244.167,"[0, 0, 1, 0, 0, 1, 0, 0, 0, 3, 3, 0, 3, 13, 6, 1, 1, 0, 0, 0, 0, 4, 0, 0, 0, 4, 5, 0, 1, 0, 1, 4, 0, 9, 5, 1, 0, 2, 2, 0, 0, 1, 0, 1, 0, 0, 5, 1, 0, 2, 1, 1, 1, 0, 0, 8, 2, 3, 2, 0, 3, 2, 1, 2, 7, 1, 2, 2, 0, 7, 2, 1, 7, 2, 2, 4, 5, 5, 5, 0, 9, 0, 1, 3, 10, 0, 3, 0, 3, 2, 0, 1, 2, 5, 2, 4, 0, 4, 4, 0, 7, 0, 2, 3, 0, 0, 0, 1, 1, 5, 3, 3, 2, 1, 0, 0, 6, 0, 2, 9, 8, 3, 4, 1, 0, 6, 5, 1, 0, 0, 0, 1, 0, 3, 2, 4, 0, 8, 1, 0, 0, 3]"
84,planning,PMd,4.507042253521127,28,31.09502082920055,245.5,247.109,"[1, 1, 1, 0, 2, 0, 0, 0, 2, 0, 10, 0, 2, 17, 28, 5, 0, 0, 0, 1, 0, 2, 0, 2, 0, 6, 8, 0, 0, 1, 0, 3, 2, 7, 3, 1, 1, 2, 1, 4, 12, 8, 0, 0, 0, 3, 3, 6, 0, 0, 7, 3, 2, 0, 4, 24, 1, 0, 3, 0, 13, 3, 3, 6, 10, 2, 1, 2, 4, 17, 0, 3, 23, 4, 5, 5, 2, 5, 10, 0, 17, 2, 11, 8, 7, 4, 5, 0, 6, 0, 3, 2, 1, 11, 2, 8, 1, 2, 5, 0, 8, 0, 9, 10, 0, 4, 1, 3, 7, 9, 13, 21, 1, 5, 1, 1, 6, 1, 0, 4, 24, 7, 13, 8, 0, 4, 8, 4, 0, 0, 2, 0, 6, 12, 0, 11, 2, 11, 7, 0, 0, 15]"
85,planning,PMd,2.563380281690141,15,9.964292799047808,248.7,249.415,"[0, 0, 6, 1, 0, 1, 0, 2, 4, 1, 4, 0, 2, 9, 8, 5, 3, 0, 0, 0, 0, 1, 0, 4, 0, 4, 4, 1, 1, 0, 0, 5, 0, 10, 0, 0, 0, 0, 0, 0, 0, 0, 0, 0, 0, 0, 1, 2, 0, 0, 0, 3, 0, 0, 4, 13, 2, 1, 0, 1, 15, 1, 4, 6, 2, 1, 1, 3, 1, 3, 1, 0, 7, 2, 4, 3, 0, 4, 5, 3, 5, 7, 0, 2, 0, 1, 5, 0, 7, 1, 0, 4, 2, 1, 0, 2, 2, 2, 6, 1, 9, 0, 2, 5, 2, 1, 0, 0, 5, 5, 3, 8, 2, 3, 0, 1, 4, 0, 0, 11, 10, 1, 5, 5, 0, 10, 4, 4, 0, 0, 0, 2, 7, 1, 4, 8, 1, 11, 2, 0, 0, 11]"
86,planning,PMd,3.063380281690141,23,15.819926601864713,250.8,251.907,"[0, 3, 1, 0, 3, 1, 2, 0, 0, 5, 9, 0, 3, 14, 8, 3, 0, 2, 1, 0, 1, 0, 0, 0, 2, 7, 1, 0, 0, 0, 2, 6, 2, 6, 1, 3, 0, 0, 0, 0, 0, 2, 0, 0, 1, 3, 3, 1, 0, 1, 3, 4, 1, 0, 2, 23, 2, 6, 1, 2, 7, 0, 1, 9, 4, 1, 0, 2, 3, 4, 0, 1, 10, 0, 6, 3, 0, 1, 12, 1, 8, 1, 2, 5, 13, 1, 2, 0, 3, 0, 3, 5, 2, 2, 3, 6, 0, 4, 4, 1, 9, 0, 2, 7, 0, 2, 0, 3, 10, 8, 5, 7, 0, 2, 0, 0, 9, 0, 2, 6, 13, 2, 3, 2, 0, 7, 16, 8, 1, 0, 2, 1, 0, 1, 2, 10, 0, 18, 1, 0, 0, 5]"
87,planning,PMd,4.197183098591549,26,26.17238643126364,254.0,255.707,"[0, 1, 0, 1, 2, 3, 0, 0, 1, 0, 12, 0, 4, 9, 17, 7, 0, 0, 0, 1, 1, 1, 0, 0, 0, 18, 2, 2, 0, 0, 1, 1, 0, 11, 2, 1, 0, 2, 0, 0, 15, 2, 1, 0, 0, 2, 2, 2, 0, 0, 12, 7, 3, 0, 2, 26, 6, 1, 2, 3, 8, 0, 1, 6, 16, 4, 1, 5, 4, 10, 4, 4, 17, 1, 1, 3, 2, 1, 19, 1, 17, 3, 2, 8, 5, 1, 5, 0, 2, 1, 0, 4, 2, 6, 16, 10, 0, 7, 6, 0, 5, 0, 5, 11, 0, 6, 0, 2, 2, 7, 12, 16, 1, 3, 0, 3, 12, 7, 1, 5, 4, 9, 5, 5, 3, 4, 10, 7, 0, 0, 0, 4, 2, 16, 4, 6, 1, 8, 8, 0, 0, 13]"
88,planning,PMd,4.0,19,20.591549295774648,257.3,258.491,"[0, 0, 6, 0, 2, 1, 1, 2, 1, 4, 17, 1, 5, 18, 15, 4, 3, 0, 1, 0, 0, 0, 1, 3, 0, 5, 19, 4, 5, 0, 2, 5, 0, 11, 0, 1, 1, 2, 0, 0, 2, 1, 0, 0, 1, 6, 1, 1, 0, 2, 5, 2, 0, 0, 6, 17, 5, 4, 3, 2, 11, 2, 0, 6, 10, 5, 1, 3, 1, 12, 1, 0, 17, 3, 9, 7, 3, 1, 11, 0, 6, 3, 1, 8, 4, 1, 4, 0, 5, 1, 0, 4, 2, 6, 7, 1, 0, 6, 5, 1, 4, 0, 2, 12, 0, 2, 1, 2, 1, 10, 7, 14, 1, 10, 2, 2, 3, 2, 3, 5, 16, 3, 8, 12, 4, 5, 5, 10, 0, 0, 1, 2, 7, 4, 3, 4, 0, 17, 2, 1, 3, 12]"
89,planning,PMd,3.9295774647887325,32,25.079547708787945,260.3,261.627,"[0, 0, 2, 2, 2, 0, 1, 0, 2, 2, 20, 0, 6, 19, 12, 13, 0, 0, 0, 0, 0, 1, 0, 5, 0, 3, 9, 3, 4, 0, 1, 4, 0, 8, 3, 0, 0, 2, 0, 1, 1, 3, 0, 0, 0, 2, 6, 0, 0, 1, 9, 2, 0, 0, 3, 32, 0, 7, 1, 4, 17, 3, 2, 5, 4, 4, 2, 3, 4, 14, 2, 2, 13, 1, 1, 2, 2, 1, 11, 1, 11, 2, 0, 12, 3, 2, 4, 1, 4, 1, 0, 3, 2, 4, 14, 7, 1, 7, 5, 2, 3, 0, 1, 6, 0, 2, 0, 3, 5, 9, 9, 17, 2, 8, 3, 0, 8, 1, 0, 3, 7, 3, 4, 7, 3, 7, 15, 9, 0, 1, 0, 1, 1, 12, 1, 4, 0, 13, 3, 1, 3, 8]"
90,planning,PMd,5.302816901408451,27,34.859006149573496,263.6,265.354,"[3, 2, 1, 0, 0, 0, 7, 1, 2, 4, 22, 0, 6, 16, 21, 14, 0, 0, 0, 0, 1, 3, 0, 3, 1, 12, 22, 0, 0, 0, 1, 7, 2, 13, 4, 1, 1, 2, 0, 0, 1, 5, 0, 0, 2, 6, 8, 6, 1, 7, 9, 5, 2, 0, 2, 27, 3, 4, 3, 3, 12, 0, 3, 10, 7, 5, 3, 4, 5, 15, 0, 2, 24, 1, 9, 6, 3, 3, 10, 1, 18, 2, 0, 5, 2, 3, 9, 1, 7, 1, 1, 0, 3, 3, 17, 10, 0, 7, 10, 2, 3, 1, 4, 9, 0, 5, 0, 3, 2, 12, 19, 15, 8, 13, 1, 1, 10, 11, 2, 6, 11, 7, 5, 8, 9, 7, 20, 5, 0, 0, 0, 1, 2, 8, 2, 9, 1, 16, 7, 0, 2, 18]"
91,planning,PMd,3.6056338028169015,19,17.15433445744892,266.7,267.886,"[1, 3, 2, 0, 0, 1, 1, 1, 0, 7, 5, 0, 4, 16, 11, 3, 0, 1, 0, 0, 0, 0, 0, 0, 0, 3, 12, 1, 3, 0, 7, 1, 0, 7, 0, 0, 0, 1, 2, 1, 6, 0, 1, 0, 0, 2, 2, 0, 0, 2, 3, 3, 1, 0, 2, 19, 5, 3, 2, 1, 8, 0, 3, 6, 4, 7, 4, 2, 4, 5, 2, 2, 15, 1, 7, 1, 3, 3, 9, 2, 9, 1, 2, 4, 2, 4, 10, 0, 0, 0, 1, 8, 1, 3, 8, 4, 1, 2, 6, 0, 2, 2, 10, 12, 0, 4, 0, 2, 2, 11, 12, 9, 2, 4, 1, 1, 10, 1, 3, 11, 9, 4, 6, 16, 1, 10, 10, 10, 0, 0, 0, 8, 0, 4, 0, 5, 0, 12, 5, 0, 0, 13]"
92,planning,PMd,3.7183098591549295,18,19.49811545328308,269.4,270.973,"[1, 1, 1, 0, 1, 2, 5, 0, 1, 5, 12, 0, 4, 12, 17, 7, 3, 0, 0, 0, 1, 1, 1, 2, 1, 8, 1, 0, 0, 0, 3, 0, 2, 6, 0, 2, 0, 0, 0, 1, 3, 1, 0, 0, 1, 3, 3, 2, 0, 3, 6, 6, 1, 0, 4, 14, 3, 4, 2, 1, 9, 0, 1, 7, 13, 0, 4, 9, 3, 6, 1, 1, 11, 0, 2, 3, 2, 4, 18, 3, 7, 1, 0, 4, 3, 2, 5, 2, 6, 0, 0, 1, 6, 2, 14, 6, 0, 9, 6, 0, 5, 0, 3, 14, 0, 3, 1, 1, 2, 15, 12, 13, 6, 12, 4, 0, 17, 2, 0, 0, 16, 5, 5, 1, 1, 3, 9, 12, 0, 0, 0, 0, 2, 5, 0, 6, 0, 9, 7, 0, 0, 8]"
93,planning,PMd,4.929577464788732,29,31.980956159492166,272.6,274.217,"[4, 5, 5, 0, 4, 2, 1, 0, 0, 9, 18, 1, 10, 15, 20, 13, 0, 0, 3, 0, 0, 1, 1, 6, 0, 10, 29, 2, 2, 0, 4, 2, 0, 9, 1, 1, 1, 2, 3, 0, 4, 9, 0, 0, 0, 6, 7, 1, 0, 3, 6, 1, 0, 0, 3, 25, 5, 3, 4, 3, 13, 3, 3, 9, 13, 1, 4, 3, 3, 12, 1, 0, 12, 3, 9, 5, 1, 2, 5, 1, 7, 0, 8, 9, 0, 5, 1, 0, 1, 0, 1, 3, 8, 1, 16, 13, 0, 3, 6, 1, 2, 2, 2, 16, 0, 0, 0, 9, 4, 12, 15, 8, 4, 10, 4, 2, 15, 2, 1, 1, 19, 1, 9, 7, 3, 9, 15, 17, 0, 0, 0, 3, 1, 4, 5, 11, 0, 17, 7, 0, 2, 11]"
94,planning,PMd,4.126760563380282,19,22.44872049196588,275.8,277.097,"[1, 0, 0, 1, 2, 1, 1, 0, 0, 6, 19, 0, 6, 14, 14, 7, 2, 2, 0, 1, 0, 2, 0, 0, 0, 6, 11, 0, 3, 0, 0, 1, 1, 11, 1, 0, 2, 0, 1, 1, 0, 0, 1, 0, 5, 6, 4, 5, 0, 1, 5, 3, 2, 0, 4, 16, 3, 7, 3, 3, 14, 1, 4, 5, 17, 3, 2, 4, 1, 7, 2, 1, 5, 0, 6, 0, 2, 0, 12, 0, 13, 1, 0, 17, 4, 1, 8, 1, 4, 1, 3, 0, 8, 3, 11, 10, 0, 4, 6, 1, 6, 0, 4, 17, 0, 2, 0, 4, 1, 9, 12, 7, 4, 7, 3, 3, 13, 4, 0, 1, 11, 7, 7, 10, 4, 8, 19, 13, 0, 0, 0, 0, 3, 4, 1, 12, 1, 10, 2, 1, 0, 9]"
95,planning,PMd,5.852112676056338,33,40.05559412814918,278.6,280.5,"[1, 3, 0, 0, 2, 1, 9, 0, 0, 5, 33, 0, 3, 11, 21, 6, 1, 0, 1, 0, 2, 0, 0, 3, 1, 12, 20, 9, 4, 2, 1, 6, 3, 13, 1, 5, 1, 0, 1, 0, 5, 8, 1, 1, 2, 5, 5, 4, 1, 4, 11, 8, 2, 0, 4, 27, 5, 8, 3, 9, 17, 0, 7, 5, 11, 3, 4, 5, 4, 9, 2, 1, 7, 5, 9, 3, 3, 2, 19, 0, 15, 4, 3, 12, 5, 2, 9, 0, 9, 0, 4, 3, 13, 4, 25, 20, 0, 4, 7, 1, 6, 1, 2, 18, 0, 3, 2, 5, 3, 10, 19, 13, 0, 4, 3, 4, 14, 3, 0, 2, 19, 8, 13, 13, 4, 19, 12, 16, 3, 0, 0, 1, 2, 10, 3, 11, 0, 17, 7, 0, 4, 7]"
96,planning,PMd,4.02112676056338,19,19.203779012100775,282.1,283.161,"[1, 0, 13, 2, 3, 0, 2, 2, 1, 3, 19, 3, 11, 14, 17, 5, 1, 1, 7, 0, 0, 2, 1, 8, 0, 7, 5, 0, 0, 0, 1, 3, 2, 17, 1, 2, 0, 0, 0, 0, 1, 2, 0, 0, 0, 3, 4, 5, 0, 1, 4, 4, 0, 1, 3, 13, 2, 10, 4, 1, 11, 0, 6, 6, 9, 1, 2, 9, 4, 15, 1, 0, 7, 0, 4, 4, 3, 4, 10, 0, 4, 2, 0, 10, 4, 3, 5, 0, 4, 0, 0, 2, 1, 3, 7, 3, 7, 13, 2, 4, 9, 0, 5, 7, 0, 2, 1, 0, 1, 13, 5, 16, 0, 4, 2, 6, 10, 2, 2, 3, 9, 2, 7, 2, 5, 7, 11, 11, 0, 1, 0, 1, 1, 9, 4, 3, 0, 8, 4, 0, 2, 14]"
97,planning,PMd,3.992957746478873,21,19.697133505256893,284.5,285.892,"[0, 1, 0, 1, 2, 0, 4, 0, 1, 2, 9, 0, 2, 16, 16, 8, 3, 0, 0, 2, 1, 3, 1, 0, 0, 8, 5, 0, 1, 1, 1, 3, 1, 8, 3, 0, 0, 2, 3, 0, 0, 6, 0, 1, 2, 6, 1, 4, 0, 3, 6, 4, 0, 0, 1, 21, 3, 6, 2, 3, 9, 1, 1, 6, 8, 4, 0, 3, 3, 5, 2, 0, 15, 1, 6, 3, 1, 8, 15, 1, 7, 4, 6, 7, 13, 2, 9, 0, 4, 2, 0, 2, 4, 3, 9, 8, 0, 6, 5, 0, 5, 0, 10, 13, 0, 1, 0, 2, 5, 9, 14, 17, 4, 4, 1, 1, 9, 0, 0, 4, 13, 5, 2, 8, 0, 7, 11, 9, 0, 0, 0, 4, 2, 7, 3, 8, 0, 17, 5, 0, 0, 7]"
98,planning,PMd,5.232394366197183,31,41.8403590557429,287.4,289.238,"[0, 1, 0, 4, 0, 3, 5, 0, 4, 2, 31, 0, 2, 13, 15, 5, 2, 0, 1, 3, 0, 3, 0, 0, 1, 15, 15, 0, 0, 0, 4, 3, 0, 9, 4, 2, 0, 0, 3, 0, 5, 2, 0, 0, 0, 8, 6, 5, 0, 1, 2, 5, 1, 0, 1, 25, 3, 4, 1, 6, 15, 1, 2, 6, 12, 0, 2, 4, 2, 11, 1, 0, 9, 0, 9, 3, 3, 3, 20, 0, 20, 3, 5, 22, 11, 0, 2, 2, 7, 3, 2, 1, 8, 4, 12, 5, 0, 0, 6, 0, 6, 0, 8, 10, 0, 6, 0, 2, 1, 9, 22, 13, 12, 18, 6, 0, 22, 6, 1, 2, 8, 2, 13, 11, 1, 23, 12, 7, 0, 0, 0, 1, 3, 9, 8, 10, 0, 25, 5, 0, 1, 19]"
99,planning,PMd,4.183098591549296,20,25.093235469152948,290.8,292.361,"[7, 6, 4, 0, 1, 3, 0, 1, 0, 2, 13, 0, 2, 17, 19, 10, 2, 0, 0, 0, 0, 0, 0, 0, 1, 6, 13, 0, 2, 0, 1, 1, 0, 8, 1, 6, 1, 1, 0, 0, 1, 2, 0, 0, 1, 3, 4, 2, 0, 3, 2, 2, 3, 0, 2, 19, 4, 1, 4, 2, 14, 0, 2, 8, 9, 0, 2, 2, 1, 12, 1, 0, 20, 0, 5, 1, 2, 4, 17, 0, 12, 3, 1, 14, 1, 1, 7, 0, 2, 0, 0, 2, 2, 3, 15, 3, 0, 6, 6, 0, 10, 0, 7, 7, 0, 3, 0, 10, 3, 10, 14, 14, 5, 9, 4, 5, 7, 6, 0, 5, 6, 2, 15, 5, 2, 3, 13, 17, 0, 0, 1, 2, 1, 7, 2, 8, 0, 15, 1, 1, 5, 8]"
